d,phi,u
-0.008851273670973492,0.43266405697723864,2.0748075481764587
-0.008851273670973492,0.43266405697723864,2.0748075481764587
-0.008851273670973492,0.43266405697723864,2.0748075481764587
-0.008851273670973492,0.43266405697723864,2.0748075481764587
-0.008851273670973492,0.43266405697723864,2.0748075481764587
-0.008527160829217673,0.4285560056938704,2.0575084201771756
-0.007940581953714387,0.4208876432982497,2.0250323969541046
-0.0071483226461726,0.4101336779386769,1.9791851632316586
-0.006201440918216727,0.39670552334367887,1.9215132075362271
-0.005145021582370735,0.3809939897872716,1.8535197331126507
-0.0040182579308636335,0.36336782926454203,1.377857550414658
-0.0028547399903215975,0.34417310139863555,1.2935190904905456
-0.0016830499877809046,0.3236189485019753,1.2024652260326514
-0.0005270311426400776,0.30213544069886095,1.1066078754684878
0.0005954430922604503,0.28078828758663366,1.0110968522563568
0.0016718135006743573,0.2597262959401106,0.9165505981078804
0.0026927482295830973,0.23909172791278002,0.8235871052603151
0.003651666487798133,0.21901738811683996,0.7328045888627651
0.004544306333347126,0.19961768816600117,0.6447324875640611
0.005368332917074614,0.1809898745808603,0.5598336854756315
0.006122599998561573,0.16303102917932488,0.47758212928282406
0.006806901872117743,0.1458360208877653,2.492119875073267
0.007422178999633378,0.1294827511801227,2.4165062978102103
0.007970301735938046,0.11403336813364072,2.3447406099408474
0.008453882420769165,0.09953545038631055,2.2770868280525076
0.008876116908552945,0.0860249912971848,2.213756877484717
0.009231197999321816,0.06938161067171779,2.1340907852650703
0.009505313457365494,0.050172743798553736,2.0407876054796867
0.009687095538869261,0.02888254923233051,1.9361544534636086
0.009767313793968446,0.005922489613992113,1.8221563379229084
0.00973859755668438,-0.01835939514599226,1.7004597517501459
0.009595281039036951,-0.04362912543081759,1.5726779351495448
0.009333823017683818,-0.06936308102181751,-1.5128176148733545
0.008952702731549023,-0.09527365266035039,-1.6461816759273669
0.008451811823981803,-0.12109633626812978,-1.7803040030419361
0.007832330016574351,-0.14658984641950948,-1.9139663718729092
0.007109998684819319,-0.16568889234142967,-2.0166849148000603
0.0063130531939894485,-0.17898201277276246,-2.091119971865023
0.005467069644335298,-0.1869777732784607,-2.139558609890056
0.004595347132914762,-0.1901178413838837,-2.163976175531376
0.0037191090719463915,-0.18884626337718305,-2.1663806661075564
0.0028575545856901474,-0.18360387975440637,-2.1487842928562357
0.002027920060673316,-0.1748242243407164,-2.1131823610379543
0.0012455412342712302,-0.1629305873912196,-1.7200634089799565
0.0005239122968679899,-0.14833340563109573,-1.6542937895533696
-0.00012525736986546132,-0.13142799194695978,-1.5762584178000243
-0.0006919869322510319,-0.11259260125932369,-1.4877487599856996
-0.001169532420744357,-0.09286292654030562,-1.3938758412755425
-0.0015541259450085887,-0.07248842736239221,-1.2958492806286177
-0.0018431593411700753,-0.051709587811345416,-1.1948454168349987
-0.002035149782069756,-0.030755566172979237,-1.0919952130521646
-0.0021296755635802356,-0.009835585376677333,-0.9883405668857598
-0.002127287867278227,0.01086080396320644,-0.8848347432233209
-0.002029419526308418,0.031163429684384857,-0.7823429312077307
-0.0018382916706717323,0.05092115355328303,-0.6065830109785721
-0.0015568195281936426,0.07000139633109431,-0.5083670756647347
-0.0011885188689022552,0.08828955067456638,-0.4132432973544605
-0.0007374144828502516,0.10568829792953721,-0.3217385172190863
-0.00020829573797731538,0.12196822679749929,-0.23504768543054666
0.00039341556313587933,0.13708404871440796,-0.15345146283487132
0.0010621288366797765,0.15100263596145308,-0.07717139386420668
0.001792145829843661,0.1637024433473642,-0.006372187003012342
0.0025781143044640853,0.17534597485362668,0.05970515527450437
0.003415006885097216,0.18590242224434614,0.12085631803443297
0.004297710221102702,0.19535517220847595,0.1769471012151369
0.005221087709139982,0.20370035235391876,2.2405265905959
0.006180034309150706,0.21094545853576357,2.2863415875052313
0.0071695201453494395,0.2171063362996436,2.3270408346866187
0.008184624710644739,0.2222064721265716,2.362692559474212
0.009220567115139966,0.22627624035329863,2.393400824652799
0.010263688278854044,0.22536720323340445,2.399286850690469
0.011292674986190576,0.22005248927997542,2.383003147996689
0.012288627563451726,0.21083893888864838,2.3468949218126656
0.013234738759427822,0.1981758076653781,2.2930403776560753
0.014116032394976497,0.18246223835746997,2.2232854674720213
0.014919242825983448,0.16409330190327165,2.139472889511099
0.015632804204926076,0.14345528845592484,1.439842407872984
0.016246832231653574,0.12092223472482577,1.3333174194847635
0.01675309834165417,0.09685344298897677,1.2180361219055245
0.017144995602446866,0.0715917907630471,1.0956468333838032
0.017417494572277592,0.045462272283512545,0.9677242306844376
0.017569869664294635,0.019965848588693335,0.841765863130512
0.017605262927562926,-0.0047709769562926715,0.7184356680382649
0.01752748550729144,-0.028621230894979446,0.5984066241421162
0.017340998546245268,-0.051460795974897854,0.48234392913206237
0.017050877879605686,-0.07317114812890532,0.3708909616956292
0.01666273845591526,-0.0936534556203593,0.26459803000145504
0.016182629189082753,-0.11282726797326528,-1.0258955337472735
0.015616934799035587,-0.13062939761347794,-1.1205631258488085
0.014972284695477844,-0.1470129352181823,-1.2089273149079076
0.01425546891489271,-0.16194635315120748,-1.290762562378885
0.013473361314188637,-0.17541254416369884,-1.3659145934483825
0.01263824658630186,-0.18505200334008431,-1.4224630366091775
0.011767005722045587,-0.19118752284671087,-1.461853042784873
0.010875042536858337,-0.1941113364268725,-1.4853917425375538
0.009976444908467164,-0.19408964041618812,-1.4942692387680436
0.009084122370074499,-0.19136637085605157,-1.4895761163512875
0.00820986847617089,-0.18618977347971352,-1.4724356684086333
0.007364363779244543,-0.17880896773499488,1.6063877602507357
0.0065571861542534915,-0.1694712422131292,1.6450046116101535
0.0057968259486436136,-0.15841994239803944,1.6926575086295035
0.005090704518592504,-0.14589283709149203,1.7482318208617296
0.00444519599730675,-0.13212063788696907,1.8106377316714868
0.0038516929312496506,-0.12336532728873623,1.84847925400208
0.003288435148074975,-0.11903444692230215,1.8645010780025038
0.002736122319167089,-0.11863242393883987,1.8609880646307362
0.002177539826702546,-0.12174544601316038,1.8398371293344882
0.0015972354560152002,-0.12802840213916145,1.8026193049976094
0.0009813842899949465,-0.13713355942344227,1.7509350069160028
0.0003178014707191368,-0.1487163470672617,0.8537719127899043
-0.00040407056141378295,-0.16243945870410162,0.7779376342843755
-0.0011931933128661587,-0.17797563963943158,0.6923655020932018
-0.0020569769884404288,-0.19500945722165108,0.5985585774263616
-0.00300133659187507,-0.213238893339795,0.49796780080129555
-0.004027016134330319,-0.23072817852029323,0.4002645794742521
-0.00513022248368511,-0.24742585015644034,0.30574415779996866
-0.006306921628251305,-0.2632680266896903,0.21476628368805684
-0.007552801595497316,-0.278183039482081,0.12773242005364316
-0.008863254689946864,-0.29209534390839853,0.04506636697756017
-0.010233411758327482,-0.3049451852254463,-0.03288441029148492
-0.011658214959309299,-0.3166870778286396,-2.085198197773516
-0.01313248185869842,-0.3272886149893172,-2.152948552570795
-0.014650962293740966,-0.3367295198880996,-2.2153378814151328
-0.016208389172232884,-0.3450008674039905,-2.2722688877795063
-0.017799523799360784,-0.352104258524453,-2.323697189653098
-0.01941063546046906,-0.3541319063981356,-2.3499465456325934
-0.02102070257248545,-0.3516264332981986,-2.3535198512530724
-0.02261094012193332,-0.34506872651793913,-2.3366336928462537
-0.02416446670630723,-0.3348863623453885,-2.3012571378272395
-0.025666037633967576,-0.3214608020722829,-2.2491450457383153
-0.027101919782765993,-0.30517249897654697,-2.1820623517476196
-0.02845987872600364,-0.2863960770725996,-0.8626766704862083
-0.029729166842828003,-0.2654967195778365,-0.7708727641806363
-0.030900511612787285,-0.24282752899629698,-0.6692402589725315
-0.03196610228783592,-0.21872766331578192,-0.5593968373204425
-0.03291957191443362,-0.19352070076260736,-0.44289672082054676
-0.03376159660183131,-0.1699665948752383,-0.33354643825767827
-0.03449919003584101,-0.1480267335055484,-0.23122306574932572
-0.0351393871856861,-0.12768711309713052,-0.13592693520568733
-0.035689314423720364,-0.10895185458122573,-0.04774991500650605
-0.03615623730034501,-0.09183770947028898,0.03315158178193134
-0.0365475322581873,-0.07634503930375251,0.10670198303619072
-0.03687059949604776,-0.0624602443630388,-0.8757032511736331
-0.03713278830487898,-0.050157624515455884,-0.8168120400240308
-0.03734133262465755,-0.03940081070635474,-0.7651134141763107
-0.03750329495050997,-0.03014387778928417,-0.7204483728494822
-0.03762551762110089,-0.022332469041217235,-0.6826135558150568
-0.037709745684165186,-0.013828717579991639,-0.6409370791395717
-0.037753234903884825,-0.004841538444918867,-0.5964360756614042
-0.03775411840569498,0.004462249747590219,-0.5499259697169603
-0.03771122551582995,0.013951997131285757,-0.5020483038998323
-0.037623926057021806,0.023527997443477847,-0.45329530775079047
-0.037492045206253044,0.03309623222899717,-0.4041353253155062
-0.037315833870299464,0.04256962635574623,1.9969429736799542
-0.03709593418993795,0.05186873675187167,2.0456375224641965
-0.03683334257805393,0.060922005031156114,2.093529779979459
-0.036529372158431106,0.06966568080003538,2.1402878630200837
-0.03618561554725763,0.07804370789783856,2.185615564620834
-0.035814719355063196,0.08135078275081034,2.2058599008076376
-0.035438893870024746,0.08016661870632334,2.203697335435587
-0.0350778268601718,0.0749952225093186,2.1814510245490926
-0.0347490288751543,0.06627564563388275,2.1411411200220885
-0.03446812281023015,0.054391231466162204,2.084528109832727
-0.03424897645051783,0.03972387518633765,2.0133827920307277
-0.03410371224109465,0.02264891755160174,1.3742448401111185
-0.03404273113171197,0.003531419046011103,1.2792671586769924
-0.034074747656387516,-0.017276469251217112,1.1749075519440957
-0.03420683472517927,-0.03943727012060952,1.0627826769092161
-0.03444447836594866,-0.06262972981008355,0.944443942054152
-0.034789090717814664,-0.08545082150857031,0.8268923600430582
-0.03523844648917873,-0.1077620082362996,0.7108428686907711
-0.035789637825159426,-0.12942464870467052,0.5970177529891094
-0.03643909434978998,-0.15030321215222447,0.48613037050503416
-0.03718261857852034,-0.17026793534589574,0.3788715122493742
-0.0380154583397061,-0.18920791535398754,0.27584321459705774
-0.038932406086823135,-0.207030010392883,-1.5706489772891572
-0.0399278917190774,-0.22365790177469538,-1.6637432905207619
-0.04099606890973506,-0.2390312632525584,-1.7512918698166535
-0.0421308949452055,-0.2531049964388281,-1.8330087961027064
-0.043326203882422365,-0.265848392436245,-1.9086788654619593
-0.044568006942840355,-0.27378283521309826,-1.9607691099504057
-0.04583564818771191,-0.2773651948278507,-1.9913573204728836
-0.047110505074206444,-0.27700240570351053,-2.002291943716128
-0.04837570964563043,-0.27305869082279943,-1.9952254150268123
-0.0496159172720777,-0.2658616826835961,-1.9716424505952683
-0.050817195019210004,-0.2557420167350056,-1.9330568983236387
-0.05196700528358278,-0.2430288170256309,-0.00477934539002578
-0.053054186845554074,-0.22804623785948014,0.059261734821015155
-0.05406893506403532,-0.21111085466047946,0.1337911686312061
-0.05500278145136195,-0.1925297348001812,0.2173583040594309
-0.05584857120260056,-0.17259870796860008,0.3085555407049505
-0.05660897917636909,-0.1553156884332182,0.3873665586441746
-0.05729542334418958,-0.14045440780490126,0.45480852010755446
-0.057918503276033984,-0.12783953341115525,0.5116520927578403
-0.05848817901452896,-0.11733700462362569,0.5584679793105385
-0.05901391915974874,-0.10884574291598763,0.5956668863965309
-0.059504734988383046,-0.10225362258965047,0.6237193297418737
-0.05996912526246012,-0.09744095767810773,-0.3655270992900279
-0.06041503816000671,-0.09428303587949509,-0.3541966192724306
-0.060849845684330384,-0.09265191870740515,-0.3503891086552178
-0.06128032693422558,-0.09241768483456442,-0.35352275178996595
-0.06171265834021822,-0.09344962607740577,-0.3630057720640991
-0.062147778806677656,-0.09362024341822722,-0.3682100634328007
-0.06258201144580267,-0.09306681402489919,-0.36978524285741066
-0.06301223899006814,-0.09189341620883149,-0.3682205292197269
-0.06343576222792435,-0.09017650791517128,-0.36387122012998807
-0.063850182858872,-0.08796978113670978,-0.356981792547157
-0.06425335359686246,-0.08532824067756266,-0.347805797631326
-0.06464338086402932,-0.08230674289126075,-0.3045516630537748
-0.06501862200537845,-0.07895904683673423,-0.29156559419463357
-0.06537767909246583,-0.07533725710657448,-0.27704721641470864
-0.06571939087754675,-0.07149156036613982,-0.26123585056334453
-0.06604282359337943,-0.067469979054162,-0.24436227116178222
-0.06634740817697482,-0.06338160622273718,-0.22696625284061211
-0.0666329095304371,-0.05926105940064291,-0.2092185322647635
-0.06689925002904751,-0.055141374367841986,-0.191283512086863
-0.06714650171667591,-0.05105374220785509,-0.1733178681632126
-0.0673748773638807,-0.0470272983412533,-0.1554694053022515
-0.0675847191501705,-0.04308832787788869,-0.1378729708483264
-0.06777648555885307,-0.03926030760529303,0.870672770356874
-0.06795073845032917,-0.03556395491977184,0.8874120048697189
-0.06810813035574359,-0.03201728553212884,0.9035714327537898
-0.06824939204003022,-0.02863568104372427,0.9190668383529463
-0.06837532040164596,-0.025431973167696808,0.9338260941169263
-0.0684913375259728,-0.024379330033410185,0.937929138545091
-0.06860687055527792,-0.025224086147070116,0.9325500276837401
-0.06873024146133921,-0.027745250082524646,0.9187104989458545
-0.06886880753903357,-0.03174998119462575,0.8973011826084054
-0.06902908243630634,-0.03706969337158185,0.8690998727508972
-0.06921679478634413,-0.043537179698910376,0.8348853176138767
-0.06943689850486467,-0.05098875315914092,0.4110612026895155
-0.06969359173374212,-0.059265800318975326,0.36710903460156896
-0.06999034211072575,-0.06821586827030418,0.3193911910750884
-0.07032991655670506,-0.07769338323375491,0.2686078717980416
-0.07071441461547445,-0.08756027523765333,0.21542843119085564
-0.07114354007303125,-0.09692546941714707,0.16431120571781888
-0.07161488141013594,-0.10576883495600868,0.11538096465246395
-0.07212592561540865,-0.114065469232279,0.0687873512183852
-0.07267404191892801,-0.12178772043157471,0.024694932186713148
-0.07325647402709001,-0.12890687940600346,-0.016725183767050567
-0.07387035682304521,-0.13540214801277234,-0.055340354760446964
-0.07451253880761999,-0.14116757751747722,1.5466341211229269
-0.07517965399725646,-0.14621317824862,1.5147349655708482
-0.07586839858615824,-0.15055291689718042,1.4861488264390283
-0.07657554788668253,-0.1542044516282233,1.4608196597785712
-0.07729813451289336,-0.15725954296408562,1.4383183368371513
-0.07804088356573835,-0.1629695739106854,1.4023406915757024
-0.07881502132532492,-0.17091739323220254,1.3548602173722508
-0.07962996363019648,-0.18074802952206245,1.2975576128742357
-0.08049357732092688,-0.1921602895938464,1.231860175608012
-0.08141240615317524,-0.20489873839100356,1.1589796432997426
-0.08239179219991422,-0.2187153161858084,1.0801028938583288
-0.08343591851736432,-0.23337226265471475,-3.2727533671692486
-0.08454786567269701,-0.24864407135297767,-3.36023188221389
-0.08572967796317965,-0.2643186818667039,-3.450423057687347
-0.08698243591418298,-0.28019808620991754,-3.5423476589134495
-0.08830633296359214,-0.29609880514706105,-3.6350902240932585
-0.08968196720498745,-0.3033994832874285,-3.6853499572090485
-0.09107311853409528,-0.30307358813025,-3.697631994714234
-0.0924477174106888,-0.2959594205290064,-3.675807145473952
-0.09377707295798876,-0.28278007576358516,-3.6232039771198448
-0.09503526322743405,-0.2641606168679367,-3.5426885853360552
-0.0961988564318551,-0.24072687976022056,-3.437155831841686
-0.0972468987186309,-0.21309645016831735,-0.7682426397238102
-0.09816092227454176,-0.18187209957987946,-0.6212611223407296
-0.0989249673900845,-0.1476371700189994,-0.45772692569175644
-0.09952560871768779,-0.11095248986536083,-0.2803099381995966
-0.09995197312756221,-0.07235364394169942,-0.0915793526800337
-0.1002074430117621,-0.03738021543454198,0.08073309101375448
-0.10030810663688783,-0.005839833966191635,0.237428362104249
-0.10026953017733731,0.022401447692211154,0.37902053499176813
-0.1001068987645598,0.04743222966587946,0.5058007589878847
-0.09983512954841511,0.06930689817484785,0.6178917936941736
-0.09946884207986906,0.08810509532855233,0.7155456541481565
-0.09902221981479653,0.10392676578095954,-1.8487608041091896
-0.09850890672025836,0.11688843187408823,-1.7788193426981644
-0.097941930529171,0.1271204068134534,-1.721989706090465
-0.09733364553785051,0.13476471282626515,-1.6776853261132014
-0.09669569030946168,0.13997302097697792,-1.6452642330757492
-0.09602687117938513,0.14814737414270562,-1.5977042759463451
-0.09531478932933113,0.1587538178420628,-1.5375512389490193
-0.09454933307019697,0.1713555525100335,-1.4668880030178242
-0.09372226736255662,0.185598818123268,-1.3874010178752483
-0.09282688253807936,0.20120055118214075,-1.3004385043361117
-0.09185781424817763,0.21788545552977368,-1.2073232996989298
-0.0908109954997206,0.23539000727607412,2.19678502073602
-0.08968358997835069,0.2534650091984915,2.298434085561807
-0.08847391280330852,0.2718770196351296,2.4025909094954185
-0.0871813437118224,0.2904089211765717,2.5081761081174903
-0.08580623558159639,0.30886036327359717,2.614184399904878
-0.0843642994051731,0.32050205038981805,2.686812197250215
-0.08288435640340308,0.3260406880225546,2.7293048154315978
-0.0813920888208779,0.32608378898823076,2.7444429960852306
-0.07991060805935524,0.32115503625911235,2.734614040054865
-0.07846091871725969,0.31170745070049427,2.7018730056827303
-0.07706214568852021,0.29819974268604693,2.6483221958978884
-0.07573157030908806,0.2810891278782849,0.2440302152567198
-0.07448465851085873,0.2608260207456312,0.1551837975757447
-0.07333507932837968,0.23785021461047678,0.051800558724763024
-0.07229471541170185,0.2125882288534869,-0.06410573089340804
-0.07137367052592147,0.18545091628125537,-0.19058184489676194
-0.07056967662395874,0.16144874018390437,-0.30255278636388966
-0.06986937655914394,0.14033959537440155,-0.40109550976325575
-0.06926018204036843,0.12194243978917038,-0.48698934250165654
-0.06873008358506805,0.10612516553857203,-0.5607747292016445
-0.06826749307754487,0.0927942070258416,-0.6228036166900648
-0.06786122411675943,0.08183975429852502,-0.6735131907187933
-0.06750058059686403,0.07314005129729677,0.1972113744201952
-0.06717542162142698,0.06656453171306584,0.16758536625341114
-0.06687620893123913,0.061976063749667507,0.1476351533382979
-0.06659404176536421,0.059232522365375975,0.13673911807558947
-0.06632068189411378,0.05818832065252348,0.13425170822383137
-0.06605276274024519,0.056892873744668664,0.13045366522324314
-0.06579123897330608,0.05543833953117893,0.12579623182518557
-0.06553670991367833,0.05388543042377492,0.12057697688444308
-0.06528955310000661,0.05226883686946544,0.11496557724961276
-0.065050034239311,0.0506019751182256,0.10902645710036979
-0.06481835478508158,0.04889906759759864,0.10282871403952915
-0.06459465049081425,0.04717414197640857,0.6398502931028148
-0.06437899360299149,0.04544046795597818,0.6333384918788906
-0.06417139691329099,0.04371032237781895,0.6267637308850994
-0.0639718183493534,0.041994994047175306,0.6201828748712571
-0.06378016556963706,0.04030477866018813,0.6136483257334846
-0.0635988049399474,0.03757304261076171,0.601803251783249
-0.0634322330624304,0.03395154847461605,0.5853614998776908
-0.06328428811432818,0.02957194847567222,0.5649429493639938
-0.06315823724047775,0.024548353275936883,0.5410854821038213
-0.0630568525959343,0.018979567096367594,0.5142553976514095
-0.06298245265181002,0.012961734927758047,0.4849102362496046
-0.0629586900803152,-0.003274329539909732,0.21071278558723927
-0.06301893732170581,-0.022008370033607217,0.11644011070484561
-0.06316584315068186,-0.04121442972168413,0.01894075397470063
-0.0634016060530814,-0.060821011756800256,-0.08144978522487545
-0.06372803167352592,-0.08076195060446704,-0.18441873566765454
-0.06414543406746123,-0.10049584143208562,-0.2872622137451004
-0.06465253131105725,-0.11991040290570538,-0.3894059935491596
-0.06524746767759439,-0.1389025718878998,-0.490316202125503
-0.06592785876412931,-0.157377875404401,-0.5894966305733582
-0.06669083496691044,-0.17524983251034157,-0.6864861781308724
-0.06753309397517819,-0.1924441608768481,-0.7808804100460824
-0.068450961714388,-0.20889819600883072,-3.045449792945604
-0.06944074306980823,-0.21933238804299243,-3.107518566670615
-0.07049819276305913,-0.23404544743336145,-3.191658360554969
-0.07161869139865994,-0.24789290906227626,-3.272100655055551
-0.07279764405997043,-0.26085276774719013,-3.3486894750932255
-0.07402068612291059,-0.26860883791710094,-3.3997002465721806
-0.07526526905092165,-0.27178091372454843,-3.4280064548895295
-0.07651147279644861,-0.2708618955732373,-3.4358734015882435
-0.07774151472072172,-0.2662855560615874,-3.4252921232727243
-0.07888267710149566,-0.2770670627335933,-3.4906112804404934
-0.08009101209281741,-0.247690044123937,-3.3558095373054293
-0.08118581720455353,-0.22805946995605272,1.035099094582324
-0.0822099771154466,-0.21252395614861294,1.1025350645105922
-0.08315473832593351,-0.1951833828021199,1.1797903191381884
-0.08401171523263506,-0.1761888236567247,1.2661933457981487
-0.08477402897650042,-0.1560653541954748,1.3591875556657445
-0.0854564283823083,-0.14369268803527777,1.4142268924086512
-0.08609364007373033,-0.13121684238608333,1.470234003740403
-0.08671428194486684,-0.131778183906238,1.4612208774282645
-0.08734447345905313,-0.137871268392685,1.4244535398541665
-0.08800787219655311,-0.14896776276701829,1.3623370806075004
-0.08872548367822855,-0.16453139503582553,1.2773428044467097
-0.08951691407472022,-0.17669024987040652,-2.211675445371079
-0.09039873258354536,-0.1996452942155745,-2.3352688521851706
-0.09138239300505485,-0.22554791958744155,-2.4746185832596006
-0.09247812625742662,-0.2538908937838737,-2.627290786765479
-0.09369685702246622,-0.27654146319183015,-2.752730941455657
-0.09502664446760675,-0.3015721885230286,-2.891182442563055
-0.09644237159871913,-0.31412285051005173,-2.9680930238092946
-0.0979259825213322,-0.32995191716206823,-3.0620744662955075
-0.09945198030830218,-0.3416585308590301,-3.135867512650017
-0.10100743431665987,-0.34173679498690535,-3.1518133733729696
-0.1025693422862779,-0.34598584138965166,-3.1886776850828817
-0.10412781819494046,-0.33912971400419223,-3.042906493219899
-0.10566237810323717,-0.32921314505119165,-3.0086692475378634
-0.10716562995149134,-0.3242993934374441,-2.9991330079516674
-0.10862027853657719,-0.3090991037062146,-2.937678045146378
-0.11001919353652806,-0.29945392481624156,-2.903441300696022
-0.11135125582829569,-0.28035799014805957,-2.8212822502727883
-0.11260954779267263,-0.26761618115634017,-2.7701561249579605
-0.11378936689774685,-0.24592718495659058,-2.673509335009955
-0.11488221365332316,-0.23097399409439395,-2.609671848254735
-0.11588888587259266,-0.20757657806118882,-2.502751490281404
-0.11680038683576593,-0.18367449060345012,-2.3923560626244433
-0.11761970768912515,-0.16694531333539045,0.8308064716166386
-0.11834083317827461,-0.14251390362714472,0.9457522652663723
-0.11896626920825143,-0.12548045907557942,1.024665127724431
-0.11949407200920328,-0.10117523131782177,1.1409132385037006
-0.11992619720247319,-0.08449784373151786,1.219978924502521
-0.12027855269565593,-0.06716572120841424,1.3031159821862117
-0.12057974225414245,-0.0629398594725362,1.3212333952807367
-0.12085700404773345,-0.05685837962116422,1.3488681766016866
-0.1211320715083854,-0.06255348214369222,1.317641989382527
-0.1214279442183933,-0.06554244373701432,1.2997384543158377
-0.12176103266041059,-0.0791916764224789,1.2281614064683417
-0.1221504131386166,-0.08936901573356341,-1.5529131725569343
-0.12260748083378614,-0.10910129239598011,-1.6561452328207134
-0.12314736598177282,-0.12464522182574546,-1.7392637314494066
-0.12377649564971166,-0.1486869356025081,-1.865763597012608
-0.12450650193274446,-0.16789633769481624,-1.969110670304477
-0.12531449366360875,-0.1767569274600175,-2.0214935364391264
-0.12613126940761887,-0.17570653067069705,-2.0244093099326252
-0.12717176225594326,-0.2082636883627742,-2.1976000268762546
-0.1281627891544199,-0.21871899538012118,-2.259786830947756
-0.12917777218283452,-0.2200987922997833,-2.2768356458302126
-0.13020383646142417,-0.22443687779731897,-2.3087867161037874
-0.13122941025026386,-0.22052466906894588,0.4921527677072124
-0.1322405027279185,-0.2196781360760517,0.4862745078951365
-0.13323003142638712,-0.2109265464795084,0.5201371688931671
-0.13418358589836216,-0.20013885168493478,0.5645400981462849
-0.13509456373580944,-0.192769688174669,0.5922761373231413
-0.1359663436638137,-0.18398175665986385,0.6274979956171243
-0.13681459434504706,-0.18363982261576559,0.620725159025282
-0.13765093820865393,-0.17611632301121347,0.6499792184119739
-0.138499153694815,-0.181235773539097,0.6158998109109453
-0.13935888070410887,-0.18849690911552056,0.570996862935889
-0.14024237875547946,-0.19293867421925312,0.5399530569035202
-0.14115821727341535,-0.2037765701151271,-2.3011011696870054
-0.142115055311567,-0.21147663202397352,-2.349169859612754
-0.14311642095731975,-0.22045100209968485,-2.404055366448838
-0.14416888798694985,-0.23481457405810924,-2.4863978965372606
-0.14527522997364356,-0.2455071829036223,-2.5509243606317633
-0.14642434617023026,-0.2512414421668008,-2.5910868189135225
-0.14759651525282472,-0.2567253097689742,-2.6302278477503345
-0.14877152693072995,-0.25404178183522597,-2.6285603248606453
-0.14993130981500224,-0.24776168186308328,-2.6087576538426553
-0.15106139100701962,-0.2421586147040852,-2.5920431299678386
-0.15213917012482525,-0.22381288712548938,-2.511092283252916
-0.1531212941981338,-0.20100947248472997,-3.0372347833682536
-0.15399437182929876,-0.17604204940676035,-2.921128444290055
-0.1547487127739764,-0.1492383609927011,-2.794653411666535
-0.15537597867193753,-0.12087633683288873,-2.6591159498470844
-0.15586932774397277,-0.09132403506334492,-2.516287931719718
-0.15622076655689499,-0.05969841437329146,-2.361674216398673
-0.15642149698617647,-0.026505804050471024,-2.1977184690773854
-0.15646507994995273,0.00779444751399519,-2.026653040892817
-0.15634727708339424,0.04278629506686096,-1.8505157744629033
-0.15606588605914928,0.07809473099158001,-1.6711596845968586
-0.15562059393946226,0.11337141339104057,-1.4903233514026855
-0.1550128412544004,0.14829594903571797,1.3312453050586415
-0.15424566401483153,0.18257658685709563,1.5103202665612185
-0.1533235196789472,0.2159504338548014,1.6864109449085907
-0.1522521033901424,0.2481832762630796,1.85828931983803
-0.15103816043292595,0.2790691979847575,2.0248583580185837
-0.1497009470109798,0.30320117451973916,2.1588903749129535
-0.14827018124717917,0.32112516930899654,2.2628180064972465
-0.14677280244188218,0.33332025945136495,2.3387672452620585
-0.14523338942966812,0.3402099853225678,2.3886100047402135
-0.14367452811382175,0.34217192756185005,2.4140083290950884
-0.14211701098038798,0.339597744964299,2.416712587441671
-0.14057989772166968,0.3328864808534964,-0.1083433609017651
-0.1390805745911552,0.3224393690819197,-0.1455856884545036
-0.13763480414418483,0.3086558356326718,-0.20004565123103968
-0.13625676176969959,0.2919304488754907,-0.2698921612720927
-0.13495905998156577,0.2726501015747631,-0.35331687989439253
-0.13374159127889884,0.2561549835688416,-0.423617782897331
-0.13259283997585447,0.24214746954578803,-0.48216783998215484
-0.13150231130627432,0.23040370792484477,-0.5299813613910697
-0.13046027672509286,0.2207601588644981,-0.5677787608809884
-0.12945756016862298,0.21310197224562497,-0.5960425284106553
-0.12848547562472967,0.207303626571375,-0.6153134113429722
-0.12753588447024578,0.20323307025277168,0.7033922656691818
-0.12660123282936275,0.20075460058886035,0.7003464337584553
-0.12567457470022292,0.19973077697738553,0.7044938969924796
-0.12474958532670433,0.20002360794934876,0.7152079455874816
-0.12382056708979305,0.2014956952800508,0.7318585646101046
-0.12288845561274542,0.2013788105524523,0.7405952557425883
-0.12196000722245326,0.19989084735551546,0.7424399236608258
-0.12104108516557588,0.19720640430986935,0.7382069290013691
-0.12013684495455124,0.19346379859518908,0.7285363025382141
-0.11925188819953425,0.18877115088467705,0.7139226315358238
-0.11839032958224716,0.1832378350809172,0.6948716386898955
-0.11755579595306864,0.17697228788068736,0.9508765375161372
-0.1167514329486532,0.17008052132823254,0.9244613347980175
-0.11597991652243911,0.16266517886220955,0.8950997867300434
-0.1152434674321201,0.15482500519644246,0.863263409304398
-0.11454386783762205,0.14665436483545527,0.8294062034444426
-0.11388375390217043,0.1376904386542353,0.791187711892859
-0.11326647198383943,0.1280912993354303,0.7493648344821439
-0.1126946817990655,0.11799977687170995,0.7046251240112815
-0.11217042009238298,0.10754455733814222,0.657591643410268
-0.11169498454050852,0.096916841207772,0.6092074182771615
-0.11126898273330887,0.08622243596021684,0.5599954101113822
-0.11089254640844803,0.07555881664548314,-0.04919897885479518
-0.11056536855408894,0.0650150032303008,-0.09864626738711602
-0.11028674319291998,0.054670820782619534,-0.14758092601383266
-0.110055607068972,0.04459709001141607,-0.19563821863037012
-0.10986800168328736,0.03596393571673063,-0.23692793624695108
-0.10971745492308738,0.02867718505378991,-0.27185622195965475
-0.10959789825256294,0.022654206566618283,-0.3007755476902685
-0.1095036213985301,0.017821649170622372,-0.32399556612991964
-0.10942926123667318,0.014102542348017845,-0.34184749862437314
-0.10936981696681647,0.011417582889003852,-0.35467785322087586
-0.1093206594256233,0.009686143800294535,-0.3628434732524908
-0.10927753586922728,0.008827063911800517,-2.4287573955887103
-0.10923657101438744,0.008759374907635047,-2.4286861920611393
-0.10919426473288674,0.009402961686928396,-2.4250451953496657
-0.10914748677339547,0.010679155139918399,-2.418196448489803
-0.10908395935661863,0.01659404990434332,-2.3879867004999102
-0.10898351784061167,0.026529011491362095,-2.3373074774047464
-0.10882871444120656,0.039940821936532235,-2.268700391184845
-0.1086045008740788,0.056352341096669145,-2.1844006597128827
-0.10829805060296138,0.07530379349393275,-2.0865788950153905
-0.1078986885730493,0.09635617815435689,-1.9773233514141488
-0.10739780663512288,0.11909353098283236,-1.8586277678925074
-0.10678876650041591,0.14312427883775594,-0.20719601845033941
-0.10606679073303982,0.1680822851449205,-0.07518622924075569
-0.10522884177584846,0.1936275930306547,0.06091979975982886
-0.10427348993776198,0.2194468822332511,0.19956976415367578
-0.10320761188165894,0.24223384090178388,0.32416333805736985
-0.1020451892285208,0.26213140469649315,0.4352753835622978
-0.1007994573024451,0.2792553407683868,0.5333523831825231
-0.09948302029741107,0.29370094373921835,0.6187447680870211
-0.09810787783631003,0.30557863347595,0.6918846413816897
-0.09668538466110244,0.31501080018319544,0.7532704066699929
-0.09522622681985426,0.3221293243373825,0.80345460585341
-0.09374040912003467,0.32707361747489216,1.7601100354490598
-0.09223725044947484,0.32998876250067216,1.7897173472835581
-0.0907253849847871,0.331023770682881,1.81001104284148
-0.08921276773483777,0.3303299638561801,1.8216681812074684
-0.08771068713029617,0.32624370413553233,1.8162576886496458
-0.08623326424713884,0.3191586970615625,1.79560688211137
-0.08479302930602328,0.30943459475931095,1.7613887200112677
-0.08340108225679499,0.2974001958387382,1.715136195900687
-0.08206718562578663,0.2833742524477748,1.6583454452559536
-0.0807998046163596,0.2676631917726376,1.5924639519745376
-0.07960614742867289,0.25055944696294435,1.5188817998029387
-0.07849220668681056,0.232340287726024,-0.7952354309610044
-0.0774628033665059,0.21326687981976714,-0.8803084372892422
-0.07652163474702978,0.19358356627497242,-0.9693133188184545
-0.07567132738466231,0.17351735810514013,-1.0611412860439413
-0.07490332562064816,0.15770118457765178,-1.1325421360412415
-0.07419921796978513,0.14573681618505574,-1.1853229014955913
-0.07354215016698262,0.13728690567223675,-1.2210017760316614
-0.07291662539830357,0.13206467503570615,-1.2408576815275238
-0.07230842983340013,0.12978113831315238,-1.2461934094912581
-0.07170465861164965,0.13014897384373145,-1.238316519620858
-0.07109371851739787,0.1328853083350757,-1.218525446221619
-0.07046531445867021,0.13771365597110702,0.3922018484319252
-0.06981042389718939,0.1443656462332297,0.43201070535734687
-0.06912126123342333,0.15258253078623044,0.4799867547600112
-0.06839123369213829,0.16211647137807267,0.5349567331320728
-0.06762207560934863,0.16960267302129112,0.5800793221760616
-0.06682279415335979,0.17523534733720536,0.6162355083155212
-0.06600157366592851,0.17916664028953008,0.6441041779514576
-0.06516595931191782,0.1815145639622062,0.6641999398549451
-0.06432293428508562,0.182400893004382,0.6770618353341461
-0.06347891418658147,0.18194891863066645,0.6832421644506098
-0.0626397488919439,0.18028190223946347,0.6832987354409706
-0.06181072895003181,0.1775220604798833,1.8641238799635298
-0.06099659510211097,0.1737896372674363,1.853603102380503
-0.06020155060288612,0.16920207327906936,1.8386157274309167
-0.05942927606196202,0.16387327527618922,1.8196944828257573
-0.05868834890950536,0.15556407918273238,1.7855577738830397
-0.05799156650222603,0.14469270220729644,1.7381687130786532
-0.05734995708911128,0.13163044298112136,1.6792735110789252
-0.05677297740001375,0.1167068825849117,1.6104255059888524
-0.05626862838414082,0.10023778407847245,1.5331235036153854
-0.05584350795982429,0.08252304800481312,1.448801027490254
-0.0555028704782794,0.06384536995220817,1.3588190120426782
-0.0552506920602952,0.04446945898937807,-0.06148166204149841
-0.055089741577637574,0.024641468281474423,-0.15901211075444033
-0.05502165732686304,0.004588630880714153,-0.2585954552504963
-0.05504702896597635,-0.015480912197715642,-0.3591968870337784
-0.05515937096861867,-0.032752784513161395,-0.44667966863743036
-0.055346041151661085,-0.04740690172617077,-0.5218169565329014
-0.05559516839776746,-0.05959512607583022,-0.5852493507422624
-0.05589554609582936,-0.06944705572306047,-0.6375127759590327
-0.05623660498012795,-0.07710098357352888,-0.6791930040543606
-0.05660844751899041,-0.08270120715375799,-0.7109125473441308
-0.05700186861978407,-0.08639595962785494,-0.7333205207225522
-0.05740836654411663,-0.08833582393241338,-0.42577075274110565
-0.057820146395540784,-0.08867225966431969,-0.43157072991487877
-0.05823011739343231,-0.08755625363862972,-0.4300904097653442
-0.058631884913194376,-0.08513709769981581,-0.4220123052688953
-0.059021214891840645,-0.0821974836806565,-0.4112075349595614
-0.059395822209026394,-0.07879532222620572,-0.397942800859165
-0.05975370465563845,-0.07499521731345443,-0.38252110076152923
-0.06009316905614703,-0.07086622245364536,-0.3652707704675697
-0.06041283311715273,-0.06647358273257291,-0.3465042124722644
-0.060711608094449754,-0.06187871453934459,-0.326517621279093
-0.06098868120241763,-0.05713911613352128,-0.30559036032965525
-0.06124349748766411,-0.05230823996821214,0.3942480440953714
-0.06147574117040122,-0.04743541358417457,0.4162897391881881
-0.061685316652989375,-0.04256580314268415,0.43854203656975876
-0.061872329378100506,-0.03774041514561665,0.46079884930398485
-0.06204019284975226,-0.03433901048522302,0.47612723788943545
-0.062195194205015625,-0.03221536655408402,0.4851954439924969
-0.06234298803425187,-0.03124317407811497,0.48857846807997973
-0.06248868090300741,-0.03131297396001324,0.4867725399829329
-0.06263687196179324,-0.03231618359491812,0.4802745812205502
-0.06279165939600106,-0.034146303101455465,0.4695761093457853
-0.06295665181322929,-0.03669977610744116,0.45515882014357456
-0.06313498308536447,-0.039876579800879504,-0.3216892595744786
-0.06332932981596817,-0.043580737676999756,-0.3421535162611168
-0.06354193106710326,-0.04772075321935434,-0.36497960648424066
-0.0637746099879406,-0.05220996630999223,-0.38975246114580353
-0.06402530087116542,-0.05546368341193431,-0.4085279554877622
-0.06428854232934456,-0.05760611876280119,-0.42187254682388786
-0.06455940361589896,-0.05874024834848029,-0.43025180761782733
-0.0648333933640739,-0.05895146349330622,-0.43404778082370643
-0.06510641900711756,-0.058325644589553555,-0.4336489427353797
-0.06537478564398036,-0.056947974321371456,-0.42944425776309714
-0.06563519041664412,-0.05490210887423765,-0.4218189782540658
-0.06588471387510308,-0.05226962503552163,-2.4196895464415475
-0.06612080909304252,-0.049129528277176385,-2.406350014829216
-0.06634128879249923,-0.045557825460943294,-2.3906962977426174
-0.06654431073711597,-0.04162716186596557,-2.3730731992138963
-0.0667191046230603,-0.03342968035741234,-2.333833730530573
-0.06684718086591213,-0.02156070182799896,-2.2757696003120245
-0.06691263687828597,-0.006540753063185778,-2.201324416611697
-0.06690184180352043,0.011175143411940744,-2.112636983488409
-0.06680326012234827,0.031149835034309223,-2.0117777085648454
-0.06660738182256098,0.052967184033342406,-1.9007321805718063
-0.06630663984835783,0.0762341037228361,-1.7813901623823063
-0.06589531624957246,0.10058171978535345,-0.4397123032399401
-0.06536943737665002,0.12566624129595227,-0.30903090695772156
-0.06472665808370603,0.15116954767079427,-0.17508658215407175
-0.06396613584902111,0.17679950762385355,-0.03933156004192612
-0.06309389982137326,0.19988275560402935,0.08480704013543144
-0.06212188292424958,0.22050010830474726,0.19761397261025776
-0.06106158793453531,0.23871514636824556,0.29929211282489204
-0.059924147869251154,0.254579387896177,0.38998772111739083
-0.058720317374151065,0.2681604820465779,0.4699314968203961
-0.05746041288641601,0.27953949442225773,0.5394256035761458
-0.056154269059240924,0.288808716524737,0.598833152360293
-0.05481120741913614,0.2960698793770517,2.4009631850033815
-0.053440014499249955,0.3014324381437294,2.4414879080356315
-0.05204892768585678,0.3050119439711009,2.4732963053064205
-0.05064562725843791,0.3069285122418334,2.496912150934272
-0.04924494005309388,0.3038357092685183,2.4954550081211364
-0.047867840275151785,0.29632121358698565,2.4716535274928946
-0.04653291697324535,0.2849116046357132,2.4279547157555967
-0.04525667496583452,0.2700794722464637,2.3665564738834575
-0.04405369802101955,0.25228403797288607,2.289609071963719
-0.042936703745222626,0.23196753488833782,2.199196499298947
-0.0419165931589105,0.20955262772311742,2.097323069335966
-0.04100249808787426,0.18544067020461633,1.538210966582485
-0.040201830594424615,0.1600102890597225,1.4190657357925125
-0.03952033884169248,0.1336162880507001,1.2939106482747218
-0.03896217255106871,0.10658885589520867,1.1643551504035023
-0.038527903248912754,0.08011947380956365,1.0363509329968368
-0.038214872578939296,0.05436963878927898,0.9107320645951481
-0.038019591610725545,0.02949121421746213,0.7882927514182013
-0.03793780007960956,0.0056245276951336085,0.6697772341177186
-0.03796455767738616,-0.017111875008199932,0.5558276446232849
-0.03809435866882005,-0.03861997713889787,0.4469891240554563
-0.038321241740309375,-0.058821126259451566,0.34371454773779453
-0.03863889407241938,-0.07765492591189371,1.5296910485770168
-0.039040748616807175,-0.09507807288747584,1.4385567682552283
-0.03952007366071041,-0.11106315748841303,1.3538380948115099
-0.04007005413493969,-0.12559744107145884,1.2756668721539879
-0.04068972921127889,-0.14122255856784494,1.1913445339086657
-0.041383232921173185,-0.15761262255275618,1.1024591768851664
-0.042153282792065205,-0.1744978999504175,1.0103322911879395
-0.04300142863419287,-0.1916575858341926,0.9160524033477875
-0.04392821309623829,-0.20888813692606226,0.8206318032679849
-0.04493326299741973,-0.2260041144233685,0.7250014167696393
-0.046015384411808746,-0.24283838657607584,0.6300088418622125
-0.047172658207997764,-0.2592418429934578,-1.7098468261536872
-0.048402533953397775,-0.2750829960971824,-1.8013513491263102
-0.04970192100409765,-0.29024747461576095,-1.8901676122262017
-0.05106727572384184,-0.30463741962672153,-1.9757708844784467
-0.05248482475525629,-0.3137232643473068,-2.0353755983955173
-0.05393206494991931,-0.31803104617815625,-2.071386909496395
-0.05538882082628416,-0.31802198686670397,-2.085909171702782
-0.05683688008237564,-0.314102173544492,-2.080790697652637
-0.05825979174031426,-0.306675024689849,-2.057884069958808
-0.059642795233924795,-0.296136883818825,-2.0190234005397936
-0.06097275606708097,-0.28287379626135817,-1.9660075710840212
-0.062238109840472955,-0.26725922265400726,-2.9573104352985156
-0.0634288132474704,-0.2496520488459102,-2.881181600328005
-0.06453629870583422,-0.23039489772198884,-2.795970699292036
-0.06555342930308561,-0.20981273587109794,-2.7032311960100954
-0.06646966957005873,-0.1861194840466247,-2.5939273395574607
-0.06727159588635401,-0.1598806868556341,-2.4707526167654605
-0.06794814997460963,-0.1316044651522141,-2.3361370491309166
-0.06849045800027487,-0.1017460967301721,-2.1922682872773587
-0.06889171220499613,-0.07073295255656391,-2.0412151084565306
-0.06914709593425405,-0.03896288466585274,-1.884918606295554
-0.06925368868818238,-0.006803350654255607,-1.7251868637768517
-0.06921035199631753,0.025408865205379126,2.2208324075310233
-0.06901759781198125,0.057367658298611866,2.3825539148405497
-0.06867744191577507,0.08879735635036613,2.543103964061383
-0.06819324588340636,0.11945224172503738,2.701220351258426
-0.06758684308538576,0.1416226333069123,2.818136337148007
-0.0668958552991219,0.15611959362449387,2.8975310165985535
-0.06615416748287417,0.16364836298463198,2.942591741561721
-0.06539246561136058,0.1648249682247054,2.956091786477224
-0.0646385407864023,0.16026487472143405,2.94083056721045
-0.06391739116225181,0.15057577676444442,2.899596573667007
-0.06325132443545778,0.13635232284828938,2.835139971354172
-0.06266004860731778,0.11817236411884624,-1.4133733796883794
-0.062160748942612254,0.0965936512676807,-1.516273947297152
-0.06176815561954363,0.0721509934735466,-1.6345613030371362
-0.06149460853834876,0.045353872032742805,-1.7658114394292066
-0.061330932042559905,0.024928133317325536,-1.8663033680484045
-0.06124904523672381,0.010227999398720896,-1.9389851695830664
-0.06122353355525856,0.000724261410941007,-1.9862487427073137
-0.06123120137838445,-0.004016062447086844,-2.010027040228712
-0.06125087331085188,-0.004429123317746519,-2.0122890639066844
-0.061263398575532424,-0.0009479820025727238,-1.9950086099776208
-0.06125162658083638,0.006001714873872307,-1.9601424056484351
-0.06120036696617015,0.016004573490272504,0.40219370168095714
-0.061096340532663884,0.028657984347815947,0.46650102030373697
-0.06092812264634517,0.04357432574576482,0.5427649061566684
-0.06068607946659088,0.060382839664516894,0.6292279075479718
-0.060372931960234855,0.07415388798080538,0.7012146241929744
-0.06000221269560313,0.08516513971455911,0.7599780755080603
-0.059586279544219245,0.09363356773651804,0.8064795471316939
-0.05913657256783633,0.09972702128516452,0.8414438846387553
-0.05866371825087535,0.1036196322722269,0.8656354827436771
-0.05817751436706109,0.10548849665532564,0.8798418434973134
-0.0576869281167638,0.10551137591764498,0.8848621023118829
-0.05720010238515494,0.1038651731605896,-0.542238091425894
-0.05672436747387888,0.1007245340780768,-0.5531839377256975
-0.05626625746012559,0.09626058871583099,-0.5709225643993936
-0.0558315305372562,0.09063983796241243,-0.5946790489377926
-0.05541865140017721,0.08684213438075775,-0.6095387754752761
-0.05501968069687313,0.08464607743334586,-0.6165293531792947
-0.05462760062617944,0.08387323613794763,-0.6164727589493489
-0.05423613609292399,0.08438088547228444,-0.6100198669451105
-0.05383967099103082,0.08602771512634393,-0.5978210676558813
-0.053433239007225186,0.08867567550671186,-0.5805169459159852
-0.05301250682440106,0.09219117046181616,-0.5587321493122226
-0.05257375252630603,0.09644575219929467,2.2270788077892996
-0.052113840654165244,0.10131672259005602,2.2560327784645144
-0.051630194410451136,0.10668763488359323,2.2877238023693414
-0.0511207655015955,0.11244869697268818,2.3216234019033726
-0.050596648536699096,0.1130320740382547,2.329781456880169
-0.05008035108579589,0.10907079616571858,2.3151380420265206
-0.049591667964905106,0.10110807015297696,2.2802112431717205
-0.04914808909388091,0.08961030231715397,2.227158192702847
-0.04876501052759785,0.07503267888518551,2.1581008612058357
-0.0484557903746522,0.05781484075376042,2.0751038720781665
-0.04823181130328391,0.0383779704721998,1.9801593113840465
-0.04810254788609658,0.01712298230366083,-1.8431935894526066
-0.04807563967875961,-0.005570976769273569,-1.9563943027439086
-0.04815697229675653,-0.0293477126275226,-2.076091308215123
-0.04835076796536342,-0.05387486789911647,-2.2006650412591613
-0.04864257662746907,-0.07148227260285286,-2.2916201513988996
-0.049001758300001086,-0.08286842642707702,-2.352142737245341
-0.049400742568556644,-0.0886258333216919,-2.384919614403971
-0.04981455513044619,-0.08925834094838687,-2.392220278156341
-0.05022057886044129,-0.08526918105763312,-2.3763347160025234
-0.05059850803984478,-0.07715474323882777,-2.339541818702531
-0.05093028864432325,-0.06540016740116836,-2.2840867455590192
-0.05120005483090084,-0.050476350204353225,-1.8311303241596852
-0.05139406481695019,-0.032837310057952304,-1.7448752232881741
-0.05150063478651745,-0.01291792542536968,-1.6463439998209337
-0.051510068478668014,0.008867958525535706,-1.5375089169879124
-0.051416336752444725,0.031374636276075375,-1.4240382109729812
-0.051216751983621744,0.054335219699467356,-1.3072394461677914
-0.05090990144726293,0.07749409943008868,-1.1883765421510966
-0.05049558935938858,0.10060934604554214,-1.0686571881950857
-0.049974745833058276,0.12346210899702802,-0.9491849381743535
-0.04934931038846058,0.14585612836104536,-0.8309604869082897
-0.04862211429050367,0.16761722527556783,-0.7148830413561083
-0.04779676321281823,0.1885927489838907,1.0092469050656756
-0.046877521997732874,0.2086508914212697,1.1187300294034241
-0.0458692033369279,0.2276798895324348,1.2239582065672994
-0.04477706192062003,0.2455871330041164,1.324415838088786
-0.043613883786872254,0.2591084680536578,1.4036542946739707
-0.04239884491657442,0.2686119094548674,1.4633218903829972
-0.041149396462559995,0.2744248280016923,1.504880967657266
-0.039881492174037914,0.2768403905736845,1.5296378234024477
-0.038609710686404064,0.27615468840751306,1.538927127447929
-0.03734729350083654,0.2726630835745958,1.534093275139018
-0.036106186689413455,0.26665741081278826,1.516475979444211
-0.03489708241859768,0.2584238614122524,3.6610568674115873
-0.03372945896042845,0.24824109307241052,3.62181926029407
-0.03261161963240422,0.23637857252177052,3.573685050821113
-0.03155073152945009,0.22309514839272593,3.517876811205431
-0.030562665619607188,0.20433407427497152,3.4339520997150883
-0.029670862810723175,0.18090339268284034,3.325716719843272
-0.028895512753935648,0.15352102211129173,3.1965583675534046
-0.028253872683990267,0.1228243529187101,3.0494914222899503
-0.027760423346788517,0.08942145977976396,2.887411449967237
-0.027426906458982266,0.05388747507642468,2.713076695328603
-0.027262380486607007,0.016762273676138768,2.529095948050926
-0.027273301127672234,-0.021450794439259693,1.4627170598485584
-0.027463631143778144,-0.06028576731483493,1.266638895309623
-0.027834981851673657,-0.09931454718699131,1.067781488869886
-0.028386785152048177,-0.1381470172430773,0.8681011055857109
-0.029112509374905393,-0.17469795670252025,0.678089166059924
-0.03000050254750919,-0.20888334127343403,0.4982823114793171
-0.03103873824280179,-0.24062484709452284,0.32919242542094707
-0.03221492084114441,-0.2698529640186842,0.17129001481671402
-0.033516628309756324,-0.29652659312176866,0.024904794615172587
-0.0349314766379446,-0.32063032107157313,-0.10976232841573252
-0.03644725572136975,-0.3421720088950351,-0.2326285583672938
-0.038052039429889106,-0.36118062031872783,-0.070123736515737
-0.03973427258551532,-0.37770406090042397,-0.16956327098047996
-0.04148283752538584,-0.3918070502404486,-0.2575638670793081
-0.0432871031736628,-0.4035690440425384,-0.3344164925725268
-0.04513811678082391,-0.41362392929286984,-0.4032010548957947
-0.04702845702262792,-0.42200243342961535,-0.4639969779975628
-0.04895095627123336,-0.4287538356241182,-0.5169789814561314
-0.05089875772454866,-0.43394291710979316,-0.5624024034176589
-0.052865347954411224,-0.43764179612423215,-0.6005627007884797
-0.05484457018347266,-0.43992879238515514,-0.6317899043837087
-0.05683063388286336,-0.44088725428732456,-0.656442850888463
-0.058818121074610374,-0.4406043828510705,-0.38109000819366257
-0.06080198980184326,-0.4391701330438428,-0.393757446429853
-0.06277757524922045,-0.4366761931370099,-0.4010436013694605
-0.06474058886733802,-0.43321504311373604,-0.40336798743426705
-0.06668834718896965,-0.42946083397182183,-0.40407452494101204
-0.0686196121536079,-0.4254275591458122,-0.40322080045734676
-0.0705332175848371,-0.4211380010444164,-0.4009090642626596
-0.07242810260106636,-0.416621728562412,-0.3972765520149295
-0.07430332513960292,-0.4119075713626579,-0.3924579914015247
-0.07615805961401179,-0.4070236044208242,-0.38658550143644543
-0.0779915943805326,-0.4019970461981312,-0.37978805798818804
-0.07980332868199136,-0.39685410112115077,-1.402608066106636
-0.08159276897688583,-0.3916198280299964,-1.394331103599809
-0.08335952473164543,-0.38631803133184606,-1.3854896776566532
-0.08510330374702935,-0.3809711728906541,-1.3761931756045325
-0.08681948795916472,-0.37356011067816725,-1.3562997066634521
-0.08849967466538722,-0.3643764599797333,-1.327183320233507
-0.09013657258553642,-0.35367407166184955,-1.2900403578455806
-0.09172385336885336,-0.34167385084466895,-1.245912061592847
-0.09325607128896951,-0.3285882302811839,-1.1958061379765832
-0.09472863624965722,-0.3146195794331779,-1.1406885333434302
-0.09613778320643573,-0.29995917752617196,-1.0814779933761853
-0.09748053873445395,-0.28478663062220133,0.09246863523315696
-0.09875468484263106,-0.2692694328156062,0.1573131631843614
-0.09995871975645432,-0.25356266861979004,0.22380663502520948
-0.10109181564529546,-0.2378088484915233,0.29124477677813143
-0.10215876705762428,-0.22433862259593781,0.3479263921327709
-0.10316933256138539,-0.2129759017526933,0.39463434131138264
-0.10413262338822138,-0.2035713401939558,0.43202424083670987
-0.10505718666833008,-0.19599737533655395,0.4606484323226323
-0.10595102516268007,-0.19012215537025556,0.4810861472106245
-0.10682156723902914,-0.18581166119241596,0.4939331973363317
-0.10767564893551274,-0.18293129347963774,0.4997942189353868
-0.10851950521673615,-0.18134704366891818,-2.4006768606354125
-0.10935876863392069,-0.18092656204896176,-2.4069670867074757
-0.11019847442045705,-0.18154011626795705,-2.418431915667816
-0.1110430711402719,-0.1830614395123427,-2.4344844990878927
-0.11188328384207047,-0.17962665776243772,-2.4257127173563533
-0.11269787274396581,-0.17188413057499083,-2.3951459704380724
-0.1134682930953188,-0.16038552402088108,-2.3453571411810534
-0.11417826356121186,-0.14559986509065345,-2.2785285511888462
-0.11481354593788318,-0.12798279527622697,-2.196796025883427
-0.11536189031375377,-0.10797235719090756,-2.1022272792155356
-0.11581297537535773,-0.08598624686240065,-1.9968075781890406
-0.11615834427473759,-0.06242020568528661,0.6632617688599676
-0.11639133430865012,-0.037646718840754746,0.7847993027435014
-0.11650699766457773,-0.012014022118859206,0.9118061527937031
-0.11650201161289153,0.014154595593255827,1.0426991018711402
-0.11638631310136827,0.03552082760451939,1.1506872470426908
-0.11618138478204354,0.05248435165478828,1.2375541504872825
-0.1159069938010604,0.06538072605094097,1.3047799322778773
-0.11558144215974542,0.07449307364293259,1.353597186650985
-0.11522166797859956,0.08011211833217084,1.385290151908635
-0.11484322746865028,0.08253164020303856,1.4011721663624663
-0.11446029920493972,0.08204513744235753,1.4025689351961668
-0.11408570171350352,0.07894342342932917,1.8813350706714895
-0.11373091933458301,0.07351244195993918,1.8577279871137446
-0.11340613423943813,0.0660313161576804,1.8235702090538997
-0.11312026337286729,0.05677063304352905,1.7801255021488513
-0.1128832593337159,0.04501972559064854,1.7237410052759627
-0.11270585876703221,0.031157364966455058,1.6562032078218323
-0.11259711113415216,0.01553270954709229,1.5791674070538189
-0.11256450182500588,-0.0015332489252082018,1.4941637077837793
-0.11261404585379564,-0.019736697244985595,1.4026510258969946
-0.11275036009918393,-0.038792247462806,1.3060101323540096
-0.11297674293844473,-0.058433757618959394,1.2055387531806347
-0.11329526033489767,-0.07841479516919299,-2.241811194831719
-0.11370683745529586,-0.09850889766849855,-2.3463974785322286
-0.11421135483233913,-0.11850964397269796,-2.4514463838236584
-0.11480774778687275,-0.13823055152020314,-2.5560148511065206
-0.11547885436005811,-0.15088329167048892,-2.625989617589803
-0.11619366681699628,-0.15720320931214557,-2.6647373303674677
-0.11692445835609977,-0.1578266873729526,-2.675162636062538
-0.11764628272087219,-0.1533062089752429,-2.659778487721714
-0.11833670532974461,-0.1441890872244789,-2.621097105056618
-0.1189757246143408,-0.13101148869337786,-2.5615993052470745
-0.11954569484244049,-0.11429416852069023,-2.483712406664633
-0.12003125518261282,-0.09453954970398128,-0.18540995291493068
-0.12041926380028478,-0.07222919327201402,-0.07773825693181413
-0.12069873224781613,-0.04782166794348533,0.04150468523551587
-0.12086075525559137,-0.021750809757141974,0.1702387460894803
-0.1209085981575676,0.0012110396646694604,0.2845695641787751
-0.12085624451603882,0.021265228377181828,0.38536404415662484
-0.12071690394482015,0.038563347338096264,0.47324804467338377
-0.12050318789898196,0.05321798327199572,0.5486583848012629
-0.12022715008115314,0.06535522929113173,0.6121049930752311
-0.11990022161864378,0.07511116760081316,0.6641539692487319
-0.11953316685972792,0.08262929844061627,0.7054151710369061
-0.11913605377594394,0.0880586861256302,0.7711719421358942
-0.11871823529876568,0.09155220752784837,0.7928177339187676
-0.11828833969198804,0.09326492287620042,0.8056802667283043
-0.11785426836758095,0.09335257714390728,0.8104592513109096
-0.11742335894153566,0.09190164887935569,0.8075137042486045
-0.1170023732912524,0.08907442445834336,0.7975874386463755
-0.1165973338330617,0.08502894263956713,0.7814104241344013
-0.11621354624757219,0.07991817550910348,0.7596944643369782
-0.11585562318401488,0.07388999319563479,0.7331327834052078
-0.11552750909183329,0.06708637140574877,0.7023958153775937
-0.11523250787173733,0.059642732030813904,0.6681276307038788
-0.11497331299505031,0.05168740764105339,1.4210540340192648
-0.11475203977381865,0.043341214167142754,1.3815357988620283
-0.11457025947538035,0.034717125681298255,1.3402331594171888
-0.1144290349573982,0.02592004473989919,1.297659999890015
-0.11433260083889119,0.015482267278984647,1.2464354537705122
-0.11428791726130738,0.0037007976513380976,1.1879749414081175
-0.11430064166195564,-0.009163427308262395,1.1235265726036325
-0.1143752830588598,-0.022881746754754805,1.054188561402129
-0.11451530410475153,-0.03723885849239132,0.9810027922550291
-0.11472318261226055,-0.05203384030767844,0.9049490981035031
-0.11500047824636139,-0.06708070385509936,0.8269418240253903
-0.11534790257104943,-0.08220857790272529,-2.58691572103225
-0.1157653912202683,-0.09726175561429357,-2.6663564960822805
-0.11625217737316706,-0.1120996126670625,-2.745413642875113
-0.11680686564543274,-0.1265964066234458,-2.823444495379686
-0.11741226282553319,-0.13403828595383027,-2.866707863832613
-0.11803754664005117,-0.1352086157977463,-2.878812351197373
-0.11865532439684812,-0.1307870721808904,-2.862882410681063
-0.1192411231726922,-0.12136473968808681,-2.8216287359754855
-0.11977312022913944,-0.107522730110798,-2.757738658653514
-0.12023206835072164,-0.08982636723671525,-2.673846325498922
-0.12060122333925272,-0.06882110560147173,-2.572511567208015
-0.12086627518046056,-0.04502981263713863,-1.1002302877868673
-0.12101527948346613,-0.018950459457159202,-0.9713235649170258
-0.12103858327609451,0.00894577515923835,-0.832075429761322
-0.12092873999181875,0.03821600083708272,-0.6846258685293425
-0.1206866532654014,0.06576194984784524,-0.5444752562113564
-0.12032058361039555,0.09155829463965567,-0.4118328357022456
-0.1198389951692681,0.11556260900848214,-0.28699537944683884
-0.1192505888610551,0.13772188502133054,-0.1703149363004669
-0.11856425054055597,0.15800463415042473,-0.062037807450004534
-0.11778893622473063,0.17639843231328908,0.03768432652257059
-0.11693357375581481,0.1929079655464714,0.12878561737764038
-0.11600697857838016,0.2075534457015919,1.3786942080492206
-0.11501778215045377,0.22036902800498503,1.45266408384545
-0.11397437209591965,0.2314012522636761,1.5182593056842466
-0.11288484300882706,0.24070752196532436,1.5756859450634138
-0.11177034723524425,0.24014934475546507,1.5840400167499455
-0.11068051071612588,0.22990046582574727,1.5436939872925401
-0.10963781313726871,0.2202538304756467,1.505887786330609
-0.10865483413672508,0.2033674097521602,1.4312854727186128
-0.10774776179185581,0.18792756801948016,1.3631569875039053
-0.10692766665407635,0.1658696382593138,1.261068290080868
-0.1062051906287965,0.14619578044816292,1.1699237612779123
-0.10559100325490976,0.12046974044962261,2.005381366835709
-0.10509044539512999,0.09336198777691068,1.8748481820699467
-0.10471074131362217,0.06995306696734553,1.7616006188371993
-0.10445668973094258,0.0411397044399704,1.6200743220271194
-0.104334190223202,0.009956106294968483,1.4653813263795157
-0.10435388437223872,-0.018034670778426378,1.3252304995221742
-0.10452404587771041,-0.05237319442103897,1.1518362662543944
-0.10484790968992455,-0.08771369060318722,0.9718951472215116
-0.10532881469962652,-0.1183220401764109,0.8140443492583735
-0.10596957417874091,-0.1544594084457028,0.6269499131207701
-0.10676664654654743,-0.19056390220975608,0.43845672062243857
-0.10771854939490055,-0.2206754073682799,0.04939697977267299
-0.10882183194152531,-0.25577117931494475,-0.13711470542689863
-0.1100685273322114,-0.28420861431703615,-0.29176883434421663
-0.11145598360744724,-0.3173613874496478,-0.47140726275963374
-0.11297096622035198,-0.34285261461435584,-0.6140132247122212
-0.1145543278926374,-0.3911949139704446,-0.871558338215519
-0.116351398360313,-0.40083039532820713,-0.9377064496810879
-0.11820069255813219,-0.42122030267754024,-1.058148928405945
-0.12014035364521149,-0.43979526696740256,-1.17042036072605
-0.1221613117873272,-0.4565341951099424,-1.2743245828599061
-0.12425408325152121,-0.4711908090395048,-1.3685353671496578
-0.12641108717747981,-0.490599252784603,-1.4013283434563548
-0.1286216222316667,-0.501529468024251,-1.478084770196464
-0.1308765572429322,-0.5106222042884602,-1.5460978016301645
-0.13316759737469863,-0.5179331916790604,-1.60556313990083
-0.13548680415221281,-0.5235292817586268,-1.6567356580738042
-0.13782682462453777,-0.5275893377924391,-1.7004361429661152
-0.14018087037272584,-0.5301806095418445,-1.7369329591950233
-0.1425424911934715,-0.5313779348651572,-1.7665357940190427
-0.14490558951544866,-0.5312623034978012,-1.789588620402034
-0.14726443080425294,-0.5299194964440253,-1.806462998021198
-0.14961364859757162,-0.5274377877919808,-1.817546632694162
-0.15194824530415157,-0.5239070484574978,-4.242927494448734
-0.1542635916846919,-0.5194178895600232,-4.243635163766764
-0.15655542509880543,-0.5140608542957186,-4.239768321586376
-0.15881984655190823,-0.5079256653126999,-4.231736591202311
-0.16105540722380118,-0.49353243281126585,-4.18212603541407
-0.163247393887693,-0.4812729971510948,-4.142748723752134
-0.16537431127673902,-0.4643443077493799,-4.079374450634019
-0.16741738986146606,-0.4433804040241514,-3.994985717855147
-0.16936003407482692,-0.4189379691259459,-3.892199985497728
-0.1711877004268722,-0.3915807125898602,-3.7736903663377523
-0.17288777022488888,-0.3617758407122274,-3.6416667049297553
-0.17445020689708615,-0.3222096279139642,-0.3736428274508232
-0.17586611168636446,-0.2888269009412008,-0.22088824047978894
-0.17712707549248702,-0.25429278759848534,-0.06082731182743739
-0.1782276143580015,-0.21899226473900546,0.10466991381481705
-0.17916400320840598,-0.18328466858199333,0.27384400609583315
-0.17994843297146296,-0.15368954641542878,0.41397531929808595
-0.1806072288342925,-0.12968800077120074,0.5273950888909309
-0.1811648759187504,-0.1108437652047552,0.6160397958785793
-0.1816442160109125,-0.09678850576627096,0.6815226921493793
-0.18206664040854356,-0.08720930414127519,0.7251944562980479
-0.1824521226654946,-0.08177651216422838,0.7485035936137714
-0.18281912113745574,-0.08015062781192787,0.5539928459926209
-0.18318452139868016,-0.08198747506635627,0.5411546071082345
-0.18356360577769965,-0.08694205519299068,0.5125908626848674
-0.18397004105111003,-0.0946713664436337,0.46987995369754865
-0.1844163537206886,-0.09719300497202811,0.452808634359791
-0.18491225259875757,-0.10910612400328788,0.38828405042280245
-0.18546430960178556,-0.1224640155925073,0.31597402244642536
-0.18607842307632488,-0.13700115588200698,0.2371471862535337
-0.18675921813669757,-0.15245877244861267,0.1530511528167784
-0.18751025661662224,-0.1686627619784361,0.06452082036841444
-0.18833406939900904,-0.18536772124482662,-0.02724210378740599
-0.18923203744513012,-0.20234503646823723,-1.5071104887828388
-0.19020448082283337,-0.21938319814273996,-1.6020257309323849
-0.1912507520236748,-0.23628803191282452,-1.6970126117912219
-0.19236933065189266,-0.25288208098586973,-1.7911686434386265
-0.19355791848889287,-0.26900479647278575,-1.8836680992432087
-0.19480868316924954,-0.27471522004865895,-1.924727863926141
-0.19610634511138864,-0.2844248429646569,-1.9862525979275223
-0.19743631425472963,-0.2912229286380957,-2.0335427177281256
-0.19878585742609858,-0.29529002473969196,-2.067373629949797
-0.20014312027306944,-0.29678570122909,-2.0884246408664957
-0.20149722723790012,-0.29594995032358334,-2.097786955987269
-0.202838268895279,-0.29295012726959313,-2.88911279340409
-0.2041579886309301,-0.28136450251246675,-2.8443818669749694
-0.2054484626821263,-0.2746346991151981,-2.8236375905005877
-0.20670077068865128,-0.26626987271606367,-2.7943365385701657
-0.207908147382533,-0.25644762744339794,-2.757299079145654
-0.20906106123529566,-0.2437736353195219,-2.7054582570539005
-0.21014293729664005,-0.22244488419879607,-2.6096332620637153
-0.21110349923258154,-0.1929187951801563,-2.471608436329931
-0.21208409389331667,-0.19265457169687478,-2.4800932655208747
-0.21291775846205174,-0.17229017684207912,-2.3866079369342477
-0.21365350913308478,-0.14480027887222033,-2.256515953795284
-0.21428698878844885,-0.12246076390965174,-2.8641146327740463
-0.2148143387376685,-0.09962489806574613,-2.755208803046715
-0.21523338014417207,-0.07632097158996924,-2.642879584732866
-0.21554254330873718,-0.05277557371666892,-2.528244227012016
-0.21574143570891613,-0.029257748042155415,-2.412644022641237
-0.21582746352852417,-0.004540260187069181,-2.289916861561887
-0.21579603413153617,0.021021628892507045,-2.161793122194126
-0.21564415679085122,0.04711303014276324,-2.0298173425359956
-0.21537027173264392,0.07345624711352634,-1.8953624071001065
-0.21497408519351335,0.09980846512143582,-1.7596394516692535
-0.21445644282566106,0.12594489293540523,-1.6237808889208836
-0.21381923436183795,0.15165977995929286,1.587051738976737
-0.21306529016415843,0.17676693063376275,1.7201269343258818
-0.2121982731482623,0.20109981113514436,1.850461506991751
-0.21122256929348915,0.224511322294831,1.9772761013379159
-0.2101431792669656,0.24687344758484564,2.0998806280532243
-0.20897933720970271,0.2619866266394253,2.1870849438987516
-0.20776241887603025,0.2705715004668899,2.242178496372799
-0.20652054699347502,0.27325778377491344,2.268028631738469
-0.20527911643868693,0.27059793091105666,2.267143672967066
-0.20406190130115878,0.2587220886368864,2.2199366129714964
-0.20288918117006105,0.2469026173904307,2.172566458050195
-0.20178012659530337,0.23120422912909833,-1.1731191896347763
-0.20075170240951362,0.21210879253452775,-1.2583121307497316
-0.19981887005462615,0.19008659741964185,-1.3590947827752864
-0.19899450057466503,0.16563668190015385,-1.4731006655731154
-0.19828939828797032,0.1391916079002141,-1.598275012705867
-0.19769489979232313,0.11960587627362027,-1.690258685882364
-0.19716070347645154,0.1102309883772477,-1.731791162205511
-0.19666078791252284,0.10479704888187101,-1.7539617040431075
-0.19617761142226842,0.10300432593075781,-1.7580935538961293
-0.19569485631191874,0.10461516510990697,-1.7452118068968867
-0.19519738394315755,0.10935788280847267,-1.7165234947164463
-0.19467147621111236,0.11689712817256102,-1.8443041035732057
-0.1941049803192061,0.12690392779659918,-1.788605146533952
-0.19348728506391488,0.13905745537389042,-1.721660556094584
-0.19280928906362282,0.15304597507169923,-1.6449379976026193
-0.19206336203384744,0.1685680193514004,-1.5598685059063595
-0.19124252212825565,0.18567211970719577,-1.4661396050714648
-0.1903404901956982,0.20403705321041268,-1.3652946182298058
-0.1893524934807025,0.2233621606688035,-1.2587891137878946
-0.18827516481565842,0.24336751072454815,-1.1479890768587306
-0.1871064369890454,0.26379396954532824,-1.0341695044886998
-0.18584544066406217,0.2843998091287666,-0.9185303433216756
-0.1844924048333838,0.3049614422545748,2.6409457919041714
-0.18304855197773584,0.3252738856915834,2.7569465376456943
-0.18151599026045018,0.3451509842718384,2.8716576477198257
-0.17989760502465968,0.36442542493474295,2.9842137033922533
-0.17819695163469884,0.3829486003013023,3.0938361141246586
-0.1764328241688169,0.39377303240883377,3.1655995493211355
-0.17463694444484235,0.3976955426649007,3.2031708978412157
-0.17283754773888038,0.39540926305928753,3.2097334668727697
-0.17106004349094794,0.3875191749205787,3.18805806865855
-0.16932754426153407,0.37455540392152414,3.140564205957416
-0.16766113133575367,0.35705235184877515,3.0697130748514745
-0.1660799058279121,0.3355408661340019,2.4324068596716164
-0.1646010143013905,0.31054241092347273,2.3222034988841864
-0.16323965172817756,0.2825648320648904,2.1959292303234044
-0.16200904824605455,0.25209938234397733,2.055908016540069
-0.16092044938142447,0.2196180608047585,1.9043873974902759
-0.1599806333749818,0.18665149587905971,1.7489527329262085
-0.15919218397022084,0.15348258574556953,1.5909926763063673
-0.15855625722684508,0.12038832869911932,1.4318806585078738
-0.1580725857322971,0.08763600843179747,1.2729557721167444
-0.15773951380238538,0.055480039257497414,1.1155066455443612
-0.15755408540634352,0.02414866326407252,0.9607040495376553
-0.15751217433596798,-0.006155309545080832,-1.6565257489595646
-0.15760862138913057,-0.035253829654824265,-1.8029828200399078
-0.1578373754783433,-0.06299295799940134,-1.9439660026549206
-0.15819163550961246,-0.08924220267817069,-2.078754826361459
-0.1586639898045985,-0.1138937107547852,-2.2067359096943915
-0.1592352686255305,-0.1319784841262485,-2.302872564761028
-0.1598762729236607,-0.14408210719532097,-2.369800723087692
-0.1605604986128757,-0.15072292456504433,-2.409847066828459
-0.16126379837169358,-0.15236243285335646,-2.4250776058581986
-0.16196408394683193,-0.14941407489973207,-2.4173386718414602
-0.1626411849351106,-0.14229921876119866,-2.38853540103158
-0.1632768357139862,-0.1314408819582001,-1.5726213355368666
-0.16385465371257713,-0.11725890479135152,-1.507489629688533
-0.16436011499588865,-0.10016628333857573,-1.4270811352577693
-0.16478052948829136,-0.08056642634163766,-1.333285995197106
-0.16510501461962734,-0.05885066140998668,-1.2279520218522109
-0.16532800260686065,-0.036916592843306686,-1.120511558891144
-0.16544873875956378,-0.014922286446487854,-1.011747388434081
-0.1654672737857683,0.00696501987303394,-0.9024962070985174
-0.16538449638134578,0.028573881473678425,-0.7936241250510698
-0.16520214072814676,0.0497328664858175,-0.6860056434583841
-0.16492273714653116,0.07028922984168552,-0.5804297908628882
-0.1645495186661705,0.09010797158487943,1.6176179820974823
-0.16408632966728387,0.10907112748752633,1.7170656515995832
-0.1635375366813081,0.1270772124896983,1.8125840064702008
-0.1629079416788115,0.14404075496080812,1.903697668850716
-0.16220269864038261,0.15989172382648428,1.9900049435633855
-0.1614367612077281,0.17042639932469159,2.0503376953809673
-0.16063347539079942,0.17615671742859013,2.0870221440697465
-0.15981388504934335,0.17753413589641345,2.102105139823424
-0.15899704226104472,0.17495863926612093,2.0973960845549477
-0.1582002693498139,0.16878639729478262,2.0745026038105645
-0.1574392812943013,0.15937751914679774,2.035068093625766
-0.15672819678855587,0.1470909223003066,0.9084759835483345
-0.15607955671839457,0.1322804387420597,0.840909966458713
-0.15550434683096492,0.11529191047615431,0.7617194240034825
-0.15501202336959974,0.096461071808902,0.6724884652808727
-0.15461054264009988,0.07611164317130605,0.5747561293878916
-0.15430146102839126,0.05667671886448051,0.48067232397085013
-0.15408061787942362,0.038168143488083596,0.39033787857854185
-0.15394370168353078,0.02061919854295029,0.3039623158118039
-0.15388617338866428,0.004078607693258943,0.22183464451201207
-0.1539032147873245,-0.011394569435836647,0.14429834487993198
-0.1539897474813352,-0.025756371807190887,0.07162400608305375
-0.1541405062108243,-0.038976123465888794,0.19128671652479468
-0.1543501038629147,-0.05103507704281732,0.1288959721192482
-0.15461308980881583,-0.061925395504657,0.07181452035103852
-0.1549240028448402,-0.07164937752203199,0.020085479903919845
-0.15527741922654803,-0.0802186418000562,-0.02629500530327955
-0.15566885630742533,-0.08802407896830075,-0.06923656195327532
-0.15609469412002852,-0.09504400100211968,-0.10859455024840181
-0.15655124832124523,-0.10127012383976455,-0.14429070644879327
-0.15703482882809183,-0.1067058655609216,-0.17630522012304461
-0.1575417904117069,-0.11136477846626915,-0.20466940048593307
-0.1580685674041442,-0.11526541684945926,-0.22944036232625664
-0.15861169538771502,-0.11843095644680074,-1.602167791125446
-0.1591678307770894,-0.12088873320455731,-1.6200180288079726
-0.15973376805279305,-0.12266972780830038,-1.6345823745837242
-0.16030645450970615,-0.12380801772643497,-1.6460006887435286
-0.16088300255071664,-0.12434025122041069,-1.6544273366235116
-0.16145451400323907,-0.1216292802707536,-1.6465875964004508
-0.16200690615538482,-0.11607218924812117,-1.624326062808746
-0.1625278067325424,-0.10801962389923501,-1.5892722418358913
-0.16300634723024832,-0.0977817062445903,-1.5428680585397265
-0.16343298763551717,-0.08563313210362496,-1.4863915918875883
-0.16379942926999558,-0.07184417810449019,-1.4211112382366988
-0.16409859570306606,-0.056677638672145994,-3.2417525987217406
-0.1643246033058361,-0.04038659728673294,-3.1625574678223756
-0.16447272341723984,-0.023212866311620745,-3.078170014060852
-0.16453933760843498,-0.005385959254295389,-2.9897016206861764
-0.16452188664204748,0.012877780769564704,-2.898208410903001
-0.16441008346901187,0.03512491988484973,-2.78585468359622
-0.16418703844209315,0.06066753443617254,-2.655911160570419
-0.16383897800748493,0.08889914329225648,-2.5112725119439165
-0.16335493085137065,0.11928604934531428,-2.354497510117485
-0.16272644507820822,0.1513597260640858,-2.187844268792003
-0.16194741339434326,0.18467281397706678,-2.0134885123884487
-0.16101397543078422,0.21880277432038991,-0.6338278568750277
-0.15992438719881852,0.25335431096257316,-0.45017429134445464
-0.15867886298507106,0.28796080433944327,-0.2646865823226294
-0.15727939577599281,0.32228495890331843,-0.07907113741247129
-0.15572956201346155,0.356019201117541,0.10509841128395414
-0.15403946024499282,0.3865105028565748,0.2744559376638105
-0.15222458978815068,0.41382762811319673,0.4291902685153415
-0.15029980463398962,0.43802654080351316,0.5694326835085344
-0.1482793605649646,0.45915549007525763,0.6952818705575068
-0.1461769561798234,0.47725915468381547,0.8068242374517081
-0.14400572115057297,0.4924055835383361,0.9042687320168155
-0.14177816748264638,0.5046827058103487,1.798466954359302
-0.13950616293267748,0.5141954203026445,1.8687505723204703
-0.13720091991495975,0.5210631374329256,1.9261415881490531
-0.13487299438332911,0.5254176732672109,1.9711935226367856
-0.13253229074747486,0.5274011817235111,2.0045181012768296
-0.1301913017931522,0.5255593164662219,2.01871866453361
-0.1278647059851341,0.5202629680522936,2.0155028805441493
-0.1255658169540066,0.5118591018961957,1.9964724400749347
-0.12330673251458935,0.5006728523357968,1.963132036667113
-0.12109845022133658,0.4870092222460527,1.91689670915092
-0.1189509224388492,0.47117041237872476,1.859177937639154
-0.11687306354332305,0.45345281385158653,2.0394579995664666
-0.11487275324508861,0.4341446114708018,1.9629200906448871
-0.11295683814280233,0.4135238986616668,1.878975677622075
-0.11113113381424711,0.39185722125531874,1.7888993338758872
-0.10940042997975974,0.3693983224833668,1.693911878361001
-0.10776957447395441,0.3458958832177619,1.5927082370910297
-0.10624338021542457,0.32164058475466173,1.4866936873608274
-0.10482546547844329,0.2968990155206532,1.3771649885605974
-0.10351831092542252,0.27191435984164136,1.265313255695746
-0.10232332206252215,0.24690710130788876,1.1522268516559868
-0.10124088662121222,0.22208063354270036,1.038918867243144
-0.10027042922688612,0.19762075646146884,2.9662537909828544
-0.09941047596932728,0.17369545455809254,2.855226814041561
-0.09865872703359635,0.1504549139256405,2.7465416002366103
-0.09801213538420228,0.1280317404534357,2.640891649369527
-0.09746698956114352,0.10654129796746921,2.5388908951702818
-0.09702836756286626,0.08204316203999648,2.4207864355156907
-0.09670903461611724,0.055158188256835945,2.2895548960673784
-0.0965190682110233,0.026419814844388646,2.147762693056081
-0.09646618488158687,-0.0037156547894280994,1.9976141781813619
-0.09655603274337077,-0.03485998298149986,1.8409940586031641
-0.09679236387271528,-0.06664481227879472,1.6797066008232446
-0.09717711642145455,-0.09872490836546738,1.1413896578368408
-0.09771052406479885,-0.1307801583983246,0.9757793312391114
-0.09839124698336565,-0.1625165860216151,0.8102899639369912
-0.09921651840795143,-0.19366659816075849,0.6462871889954163
-0.10018230170806897,-0.22398903964035233,0.48501714859627176
-0.10128177940398642,-0.25252840322306536,0.331325553723532
-0.102505784906461,-0.2791945295825754,0.18575486690123588
-0.10384485680390299,-0.30390952013152867,0.04878919518204983
-0.10528933020472309,-0.32660880616528065,-0.07915196899491095
-0.10682942333202394,-0.34724183886508164,-0.1977180637669247
-0.10845533338017299,-0.36577981432968215,-0.30666704157141744
-0.11015733560525298,-0.382213848311106,-1.1026133772720246
-0.11192586550463668,-0.3965532787770583,-1.1919958285956231
-0.1137515860020426,-0.40882406686351647,-1.2716069740019735
-0.11562544164649369,-0.41906727455335047,-1.3415615688956541
-0.11753870167499425,-0.4273375304763506,-1.4020454487956604
-0.11948007415759943,-0.4323219470801944,-1.4463812566409313
-0.12143614070619302,-0.43428166193535395,-1.4757404964026648
-0.12339461810527652,-0.43346234113663246,-1.4912286663998926
-0.12534424380332831,-0.4300960149546304,-1.4938932924704003
-0.12727468103030226,-0.4244025279973693,-1.484730229953834
-0.12917647030372503,-0.4166043849145293,-1.4647574072738618
-0.1310410179705861,-0.40692407618556636,-2.8458721792248975
-0.13286058478707252,-0.3955818911584575,-2.8073569222542174
-0.1346282749413774,-0.3827941374668991,-2.7610950553394744
-0.13633802533457517,-0.36877170016444877,-2.7080803727592007
-0.13798459428308085,-0.3537187492701268,-2.649281307772647
-0.13955741871904648,-0.3350381243875676,-2.5716064277195074
-0.14104127668826028,-0.31328977433464184,-2.477703257147017
-0.14242303396393696,-0.2889743261218997,-2.3699435888400733
-0.14369145779671033,-0.262539026846619,-2.250451330791403
-0.14483706400876173,-0.23438294354830125,-2.1211269764203284
-0.14585204937052065,-0.20488930782611728,-1.983808651426998
-0.1467302866516853,-0.1744223852186844,-3.2337547185274844
-0.14746730021765675,-0.14332530793977594,-3.0856394677926566
-0.1480602217688496,-0.11191868738640194,-2.934535580537715
-0.14850772685115654,-0.0804998539993868,-2.7819164644257093
-0.1488099531222793,-0.04934232196191662,-2.6291510669495857
-0.1489619775712061,-0.015936398643470753,-2.4636416948466247
-0.14895455082119646,0.0191248670855883,-2.2882610987012324
-0.1487811867506661,0.05532158213476499,-2.1055438827500454
-0.14843788446923512,0.09220017238856779,-1.9177179086667218
-0.14792285591789867,0.12936725064791477,-1.7267322318566225
-0.14723632082596172,0.16645664868609777,-1.5344198907463378
-0.14638035153380669,0.20313147600494805,1.5702071736436447
-0.14535869153981684,0.23908523457142627,1.7601925664159344
-0.14417655634110638,0.2740421775823993,1.9467986334579042
-0.14284042504126448,0.3077570683667936,2.1287344003782946
-0.14135783004079938,0.3400147417242972,2.3048487171704632
-0.13974973011977232,0.36486243297003607,2.4451681726094288
-0.13804820727135025,0.38291197483687955,2.5524311104278667
-0.13628216142315397,0.3947003133147241,2.6290332612990523
-0.1344778316705395,0.4007020486367491,2.677085235435322
-0.13265924992920697,0.4013400272864525,2.6984609460971645
-0.13084850122750202,0.3970515888743645,2.6951262410537735
-0.12906582239141295,0.38828121188981946,1.7647081661126813
-0.12732968768871755,0.3754748183818439,1.7180375455997574
-0.12565687343359722,0.35907540254513887,1.6527686089674356
-0.12406249927332258,0.3395197108135128,1.5709338919120517
-0.12256004912094731,0.31723518258019207,1.4745357522692006
-0.12115739508063994,0.29442786015837763,1.3745256805632022
-0.11985722554510181,0.2712598557464976,1.2716873538591833
-0.11866145174098497,0.2479084906425925,1.1668882663808262
-0.11757112827863203,0.2245602430099714,1.0610502628412501
-0.11658640143390508,0.20140556235862814,0.9551241280318032
-0.11570652387728764,0.17861665643825153,0.8499783739960948
-0.11492992394447432,0.15634837181790323,2.1218430913931883
-0.11425427771327623,0.1347387910998259,2.0205516501147827
-0.11367658401186365,0.11390964289255186,1.922182846092538
-0.11319324201240821,0.09396659982051489,1.8273010507269076
-0.11280013033102065,0.07499969969640782,1.7363976669202479
-0.11249901743370616,0.05436053946380011,1.636212994730354
-0.11229681810911529,0.0324726408876477,1.5287954950955007
-0.112198598042907,0.00969726943779374,1.415900838508314
-0.1122078270674094,-0.01365938230865052,1.2990252895310688
-0.11232660761418733,-0.03733982457668474,1.179435272723118
-0.1125558186259683,-0.06110252291296387,1.058329670923913
-0.11289519385664404,-0.08472382669546324,1.1994468526103108
-0.11334341288030414,-0.10799906079294494,1.0785884918863013
-0.11389820043971932,-0.13074295805455752,0.9593211299840867
-0.11455643021837414,-0.15278957905844825,0.8425057271780849
-0.1153142302233583,-0.17399210883015317,0.7289150782697185
-0.11616827778216443,-0.1947425002850317,0.6166226454072645
-0.11711572707554119,-0.2148617429190992,0.5065519393031597
-0.11815297149488702,-0.23419784442135402,0.3994989875984274
-0.11927578050220333,-0.25262393292130764,0.2961404550254958
-0.12047942614800888,-0.2700364377054263,0.19704147464684718
-0.1217587872300494,-0.2863481679140807,0.10268921278317
-0.12310843415857509,-0.30148795708212067,-0.23066433168815292
-0.12452270863791703,-0.31540010266171425,-0.31436780437954015
-0.1259957971562824,-0.32804364394080904,-0.39231639595866774
-0.12752179767500893,-0.339391515410061,-0.4643157584921931
-0.12909477936082547,-0.3494296586425685,-0.530236291512896
-0.1307077797208862,-0.35767267492291305,-0.5875813765152262
-0.13235300239832615,-0.3641941843651266,-0.6366411505006933
-0.13402303618668077,-0.36906938554496627,-0.6777174942834376
-0.1357108470407069,-0.37237522984091953,-0.7111248243034654
-0.1374097713669169,-0.3741904443318733,-0.737190140020334
-0.13911352081984907,-0.3746002382602832,-0.7562766041917053
-0.1408161957491787,-0.3736948642818963,-4.523121123688606
-0.14251869211148901,-0.37746218967674156,-4.558982714285936
-0.14424493363393626,-0.38217786228880596,-4.59982349257073
-0.14599331890145606,-0.38599279221545846,-4.636381994879191
-0.1477602097316904,-0.3931659219920422,-4.689916552064453
-0.1495278949371074,-0.38811380420638175,-4.68233281519032
-0.15126189331285766,-0.375962521516558,-4.638916385498704
-0.15293332538310264,-0.3575972201255191,-4.5638041992459595
-0.15451654191139166,-0.3337937304281374,-4.460618916041941
-0.15598960845820023,-0.309719622196791,-4.354979040353295
-0.15733214411698646,-0.27706304202069804,-4.205121496060692
-0.15852517763261997,-0.24093929212729664,-2.52722477641843
-0.15955339865192464,-0.20197996741386978,-2.342710363044342
-0.16040598539426354,-0.1656396392683988,-2.169534589740376
-0.16107217755175285,-0.12281710573102247,-1.9620838436283878
-0.16154357307046777,-0.07883566893757367,-1.7468906148482928
-0.1618230712346839,-0.042306539476851125,-1.5670399491868414
-0.16192306947928473,-0.003154308834222928,-1.3722787784197084
-0.16185258836988403,0.03354100004874905,-1.1880974229108419
-0.16162348570060395,0.0676746933643758,-1.015137929639907
-0.16125071386175446,0.0936799163101803,-0.8813840965223899
-0.16074518702434595,0.12237773407340691,-0.7328397393321716
-0.1601192689132494,0.1483369659915578,0.3440288869728225
-0.15938602316486894,0.16580000826127375,0.4386765558052068
-0.15856136277360078,0.18616482595821016,0.5487472482025705
-0.15765514626858002,0.20385529749059492,0.6462617709147018
-0.15667975647770135,0.21891278538996004,0.7313031083203141
-0.15565149234239378,0.2295352710522859,0.7946981779850193
-0.15455671279609376,0.21747347546116103,0.7453369954923952
-0.1535169855382021,0.23267679999378657,0.8317508907344393
-0.15244339294007245,0.2319565877413733,0.8388857554536693
-0.15138600996627544,0.22804736522263236,0.8299134725979349
-0.1503591596286831,0.2147099180246769,0.773494739984081
-0.14937792620083704,0.20537495465912883,-1.5359692083010443
-0.1484507760254392,0.19373521801663066,-1.5848963897595572
-0.14758804024380529,0.18006626318853688,-1.6446138060836866
-0.146798589307309,0.1577900572696555,-1.7481003263131305
-0.14609440966141723,0.1408652379204481,-1.82568262660025
-0.1454678724136887,0.1272610165847268,-1.8874383608015712
-0.14490485031993153,0.11661673639446565,-1.935029540815305
-0.14439295305729533,0.10149311124251863,-2.0055286939486785
-0.1439236061113861,0.0959622718512038,-2.02848942144616
-0.14348230800206146,0.09274598040224483,-2.040157897597709
-0.1430561279072387,0.0842938143852067,-2.078156926734672
-0.14264530756137156,0.08506052887145785,1.908924016839372
-0.14223461994612918,0.08762307774360129,1.9258436373525132
-0.14181627497651925,0.09177956767289101,1.950809536695061
-0.14138340136071662,0.09733365945173174,1.982908731747291
-0.14093159673328992,0.09656064858561923,1.9835617236909955
-0.14047423723862681,0.09656967305200544,1.9881804409695576
-0.1400386292085826,0.09066064685315493,1.9629913902757474
-0.13965066307330776,0.07957099566126685,1.9114227956690553
-0.1393355257614166,0.056182379646759935,1.797631088715432
-0.13911265791709032,0.03656884652637286,1.7017921015567596
-0.13899761309001263,0.013528716347579378,1.5877418989335692
-0.1390052834930402,-0.012428608663455014,0.5470008032428826
-0.1391516130125991,-0.04861651457881637,0.3645979784704869
-0.13944353140595078,-0.07886939560944674,0.21041438938381818
-0.1398874524896817,-0.1105429637790521,0.047607337698482244
-0.1404882144572408,-0.14321460679337186,-0.12175849704870756
-0.1412473414097296,-0.182477575144098,-0.3256646083272263
-0.14215471974410554,-0.2125179696005229,-0.48494036395311
-0.14320160519012382,-0.2410136223973384,-0.6378874823973704
-0.14437915294364506,-0.26783648391601483,-0.7837772675259653
-0.14567795550350277,-0.2928617212335816,-0.9218914797123758
-0.1470879902993836,-0.31591192161510095,-1.0512428295787808
-0.14859987332580146,-0.34456493304788605,-1.4061013650176024
-0.150201937440989,-0.3634507387696708,-1.5165510347784017
-0.15188332639587293,-0.38022022014244217,-1.6172123311910975
-0.1536336421515276,-0.3948654343166778,-1.7079415596188228
-0.15544269118708776,-0.40739622749644894,-1.7886860158732794
-0.15729956590121166,-0.41737405756358353,-1.8571439133501917
-0.1591928560966334,-0.42490223935765126,-1.9137177242747474
-0.16111180003183245,-0.43008919782076394,-1.9588419559423014
-0.16304627199783536,-0.43304811257422415,-1.9929812493696315
-0.16498757083400573,-0.4266864036903702,-1.9805856933120656
-0.1669264172572816,-0.42561106958438666,-1.9945974870149068
-0.16885419579398836,-0.4226851594411975,-3.1470581082600413
-0.1707632234376425,-0.4180454595703011,-3.1429498853421003
-0.17264643444863165,-0.4118319927266499,-3.130714661233736
-0.17449752764125678,-0.4042580113684598,-3.1113556863690373
-0.17631093919043855,-0.39545584645332615,-3.0854789772851867
-0.17807677419847204,-0.38328592577037585,-3.04228772395077
-0.1797814055906736,-0.3681837878253355,-2.9838233481475838
-0.1814128747653794,-0.3505428882634055,-2.911933542084992
-0.18296071595817287,-0.3307182549857178,-2.8282887876244875
-0.1844158122107621,-0.30903044095260934,-2.7344006799848377
-0.18577032723061426,-0.2857915256779285,-2.6317512538099552
-0.18701769524264628,-0.26130222907587447,-0.7107593581444727
-0.18815114815488101,-0.22959979729361954,-0.5635817283555458
-0.1891237848261792,-0.19107397581636418,-0.3806789876822507
-0.19006989371690952,-0.18312865524769972,-0.35041347374623166
-0.19084764286367303,-0.15635589018546658,-0.22432713990270114
-0.19151183697442173,-0.13319622735561093,-0.11517076686090988
-0.1920785154710514,-0.1134380031342748,-0.02204643072052548
-0.1925631070917089,-0.09696866213281745,0.05545435808018606
-0.19297994064129237,-0.08338860617108404,0.1191863023930182
-0.1933421055134383,-0.0725414189282321,0.1698005898858188
-0.19366196197596597,-0.06425821108292042,0.20801806448710058
-0.19395107586244714,-0.05836107235649822,-2.2560190502387445
-0.19422017124945817,-0.05466509313160144,-2.2402301079843707
-0.19447910211097466,-0.0529829789413488,-2.2344088456482725
-0.19473703077169838,-0.05831621163691293,-2.26365429573333
-0.19500296929135172,-0.06002211409714235,-2.274843193231011
-0.19527155086128156,-0.058250682379525305,-2.268671850342224
-0.19552772071189706,-0.05347791589005081,-2.2473697164010065
-0.19575843917864438,-0.046096867457395115,-2.212771658905201
-0.19595220165142624,-0.03637901113589819,-2.166120002025535
-0.19609875454549844,-0.0245956379083895,-2.1086686648287136
-0.19618909370203308,-0.011016503674363924,-2.041676385223932
-0.19621629748321506,-0.00046923561809627856,-2.5455437970605677
-0.1961736104049631,0.015987845034376384,-2.4628315230156845
-0.1960549891611111,0.03347490402852036,-2.3742100156064447
-0.1958561775908475,0.05175752148840048,-2.280808812604408
-0.19557400227986182,0.0706133751643433,-2.183707791114837
-0.19520365506632215,0.09097980250991645,-2.0781721822515746
-0.19473951623402927,0.10838177335557413,-1.9865209397003576
-0.1941774498237672,0.13081990249220624,-1.8687096299145762
-0.1935133801690062,0.15382116686954111,-1.747062611480292
-0.1927454983647247,0.17713316989147787,-1.6228237783277935
-0.19161028872329952,0.2954824377990691,-1.0197253423755854
-0.19009205743904944,0.36373967083013137,2.6438743293546865
-0.18831958623177866,0.4185936235076664,2.9358688048150694
-0.18632827144561112,0.4669279056308213,3.197453363292519
-0.1841463237892874,0.5049912215942228,3.4095894196727645
-0.18183711386575688,0.5322607390134504,3.5690291060042076
-0.179272150791207,0.584915754241596,3.8579538128904343
-0.17666268910724145,0.6074343825800357,3.996641571422288
-0.17398481886923425,0.6180399464864236,4.0764480933342995
-0.17127128043711026,0.6255209386417009,4.140988438431926
-0.16854915115281818,0.6224493574894413,4.152851825513549
-0.16584394864871752,0.6171432356605646,4.153373241410172
-0.1631784350462668,0.6022085093892081,2.266150152934521
-0.16057551512612037,0.582230797807312,2.192290794226505
-0.1580537073141227,0.5617036894189851,2.114873330404847
-0.15563111526596185,0.5333247420841092,1.997204514212076
-0.15332509652981025,0.501566801440998,1.8614749983580359
-0.15116508420100683,0.4627121304858035,1.6888017668700976
-0.1491652585005441,0.4246974180453601,1.5187264616725082
-0.14732489033303606,0.3875639537047231,1.3514628216444033
-0.14564249826687803,0.3514272181359888,1.1876030644623123
-0.1436023196552323,0.3643815873382092,1.2727766965898717
-0.14199980423950379,0.3388503261469943,1.1611455447910821
-0.14050159098506726,0.31486380765876726,-1.308714886939787
-0.13910072226435796,0.296726784846684,-1.3853913137931102
-0.13778900551715234,0.27626122198117026,-1.474601960648623
-0.1365613805908589,0.25720396989074285,-1.5576119718378254
-0.1354117761487588,0.23960471518997567,-1.6341122009206603
-0.13432196614270892,0.2325371682829713,-1.6585518353951834
-0.13326578603895356,0.2266777495486478,-1.6772871280292474
-0.132220480353884,0.2257984053246347,-1.6712307922986174
-0.13116455625003343,0.22941911828133515,-1.6425679864766092
-0.13007769422474563,0.24172357050150153,-1.5701771051228994
-0.12894246276272095,0.2530779338088634,-1.5020529739658433
-0.12774496802239121,0.26761259543452104,-0.5066057584411896
-0.12647222305862982,0.284914449675455,-0.40736903759890586
-0.12511329369950744,0.30458145425468974,-0.2954447211115083
-0.1236592177350485,0.3311735514510007,-0.14794347548536413
-0.12210214325709288,0.35441362597882675,-0.016172358066677717
-0.12044245014793217,0.3770666514877497,0.11368970056954408
-0.11868413075415421,0.3990414587498293,0.24114693081772187
-0.1168315980429592,0.42023466541019744,0.3656382912315128
-0.1148898063005627,0.44048698243256834,0.486317793767332
-0.11286422770617427,0.45969225124601676,0.6025999237784587
-0.11076067422587668,0.4777629892896459,0.7139891487995802
-0.10858520246594983,0.4946288743889225,0.32844114810168756
-0.10636536259572871,0.4986847801137288,0.37091907542793034
-0.10413200089933178,0.501237005036322,0.4060138170048655
-0.10189134214995589,0.5022558051050117,0.43351440484207293
-0.09928936846888886,0.549183934054993,0.6941747864026497
-0.09684640319926245,0.5604797216156315,0.7750833769021066
-0.09436154070656375,0.565070998099121,0.8228883842465409
-0.09183831715980258,0.5755455365878986,0.9004933121580407
-0.08927909006664944,0.5856999541744016,0.9768576710220869
-0.0866868759532041,0.5950971792491516,1.0497659375302903
-0.08406556426449108,0.6037148385247771,1.1190673507955486
-0.08141810122988472,0.6047089630684743,3.4237372073471164
-0.07874640544282355,0.611715014513881,3.4854844224447614
-0.07605656223676016,0.6179549479222872,3.5435825215474264
-0.07335235067408635,0.6234248571519877,3.5979741833226666
-0.07063640875821395,0.6207827810664874,3.611923222053889
